vlsr,spec_nearest,spec_0,spec_1,spec_2,spec_3,spec_4,spec_5,spec_6,spec_7,spec_8,spec_9,spec_10,spec_11,spec_12,spec_13,spec_14,spec_15,spec_16,spec_17,spec_18,spec_19
50.427629652765,0.11236786842346191,-1.0820086002349854,0.2582758665084839,0.36249467730522156,0.9032357335090637,-1.018314242362976,-1.536144733428955,1.5366069078445435,-0.7277238368988037,-0.7467833161354065,-0.3747895359992981,0.8987000584602356,0.16300255060195923,1.0189732313156128,0.0014690803363919258,0.8234875202178955,-0.8085431456565857,0.712777316570282,0.2553349733352661,-0.06001398712396622,-0.015041882172226906
49.450453220625,0.714799702167511,0.9692087769508362,0.37265053391456604,-0.019614605233073235,-1.1886467933654785,1.48839271068573,0.1525508314371109,0.12219405174255371,-0.012884367257356644,-1.193620204925537,-2.2138407230377197,0.37850886583328247,0.8541223406791687,0.39884310960769653,-0.12353762239217758,0.27625802159309387,-1.3000819683074951,-0.02485467679798603,-0.32938677072525024,-0.9462586045265198,0.21156704425811768
48.473276788484995,0.20038530230522156,-1.1315323114395142,-0.8354246616363525,-1.1855792999267578,-1.0016889572143555,0.3909345865249634,1.0433653593063354,-0.36598777770996094,-1.2357803583145142,-0.904233455657959,-1.1637530326843262,-1.7087088823318481,-2.131272792816162,0.2199668139219284,-1.8558682203292847,-1.0576761960983276,-0.8412601351737976,1.6209371089935303,-1.282697319984436,0.3386053144931793,1.133436679840088
47.496100356344996,1.1716319322586202,-0.8493305444717368,0.31519722938538275,0.0523740611970559,-0.42098331451415383,1.0817019939422658,0.7047894597053591,-1.1087877750396689,-0.442244291305542,0.6210316419601597,0.272629469633096,-1.1339291334152155,0.6067472100257874,3.237749814987189,-0.5375781059264993,-2.2751247882842915,-1.2222788333892907,0.6511237621307251,2.482471704483038,0.8136755228042585,0.6000260114669658
46.518923924205,1.1973516941070557,-0.3913916051387787,0.765052080154419,1.2053965330123901,0.5346280336380005,0.6417719125747681,0.21582601964473724,-1.0761610269546509,-0.20489013195037842,-1.1254271268844604,-0.33811458945274353,-0.7239982485771179,-0.5549380779266357,2.7593588829040527,-0.011680588126182556,-0.5039296746253967,0.03242216631770134,-0.14744499325752258,0.3025009334087372,-0.36596760153770447,-1.2223330736160278
45.541747492065,0.021541478112339973,1.0316210985183716,-1.6953604221343994,0.23109054565429688,0.17455096542835236,-0.7495749592781067,-0.6289752721786499,-0.7881999611854553,0.7755590677261353,-0.23969599604606628,-0.7897759079933167,-1.6202372312545776,-0.4091207981109619,-0.3772514760494232,-0.2420210987329483,1.5836422443389893,0.49728789925575256,-1.743351936340332,-1.8062055110931396,0.47572827339172363,-0.11820005625486374
44.564571059925,1.0924416780471802,0.26466214656829834,-0.5047953128814697,-0.8879414796829224,0.27757880091667175,-0.4701225459575653,-1.188149094581604,-0.5196121335029602,-1.5760400295257568,-0.3955213725566864,0.2279176563024521,-0.971684992313385,-1.1838535070419312,-1.0804901123046875,1.6994125843048096,0.18948017060756683,0.1709108203649521,-2.2156238555908203,-0.48178017139434814,0.4879661500453949,1.4179822206497192
43.587394627784995,-0.33266565203666687,-0.9558274149894714,0.22055046260356903,-0.36366721987724304,0.3173743486404419,-0.6018968224525452,-1.7774814367294312,-0.1066465824842453,-0.022225799039006233,-1.9968427419662476,-0.7747236490249634,-2.01772141456604,-0.8658918142318726,-1.1007657051086426,-0.49111706018447876,-0.24186760187149048,1.1768890619277954,-0.6573194861412048,-0.6730579137802124,1.1971769332885742,0.6298294067382812
42.610218195645004,-0.820091962814331,-0.5585801005363464,1.0036115646362305,0.06943109631538391,-0.9046265482902527,0.3658536970615387,0.41854140162467957,0.5009866952896118,0.8635704517364502,0.2933473289012909,1.1032711267471313,-2.0294220447540283,-0.8181599974632263,-0.4913577139377594,-1.0963788032531738,-0.1365719437599182,1.3468908071517944,-1.3393386602401733,-0.003627525642514229,0.8126800656318665,1.0977396965026855
41.633041763505,-0.2743384838104248,-0.634317934513092,-0.38070032000541687,0.5521174073219299,-0.9626068472862244,-0.9214767813682556,1.3068091869354248,-0.49357855319976807,1.9459425210952759,0.287027508020401,0.6536715030670166,-0.49954596161842346,-2.037684202194214,0.2914448380470276,-1.0225024223327637,-0.43311062455177307,0.9763954877853394,1.9073593616485596,-0.21941231191158295,-0.30586719512939453,0.8416940569877625
40.655865331365,-0.8408378958702087,-0.08879464864730835,-0.11586251854896545,0.6435641050338745,0.5831014513969421,-1.632169246673584,0.36796489357948303,0.041604749858379364,0.5740256905555725,-0.08186249434947968,0.24460868537425995,0.36552754044532776,-0.23772180080413818,0.10235922783613205,-0.8130910992622375,0.9549104571342468,0.05434571951627731,0.5085536241531372,0.2318827211856842,0.6731322407722473,-1.393994688987732
39.678688899224994,-1.8027849197387695,0.843300461769104,-0.4322311282157898,0.1748279184103012,0.8299129605293274,0.20884157717227936,-0.6535459756851196,3.224841833114624,0.8689285516738892,-1.2859132289886475,-0.3760944902896881,0.9410719871520996,2.1387939453125,2.909433364868164,0.5207900404930115,1.1931318044662476,-1.0560529232025146,2.7972872257232666,0.638504683971405,-0.20216768980026245,1.225279688835144
38.701512467084996,-0.24300605058670044,-1.6278496980667114,1.29958176612854,-0.04259425029158592,0.5019814968109131,0.1875418722629547,-0.46286240220069885,2.549982786178589,0.5515685677528381,-0.2322438508272171,-0.598524808883667,-1.2545959949493408,2.2737245559692383,1.4139657020568848,0.6053821444511414,1.4195539951324463,-0.17007656395435333,-0.0505484864115715,0.5056564211845398,-0.4038216769695282,-0.17598164081573486
37.724336034945,1.004416823387146,0.8674637079238892,1.0680779218673706,1.6935712099075317,0.07543176412582397,-0.20953510701656342,1.9547747373580933,1.493157982826233,0.7809033989906311,0.4690535068511963,-0.6183433532714844,0.2510017156600952,0.35071316361427307,-0.3306857943534851,-0.011923147365450859,0.4253893494606018,-1.6695692539215088,0.3239717483520508,-0.5834722518920898,1.3802499771118164,-1.1763705015182495
36.747159602805,2.300720453262329,0.3597446084022522,0.35475853085517883,1.5361218452453613,0.36564627289772034,1.3188176155090332,1.5035741329193115,0.9511712789535522,2.557562828063965,0.34629833698272705,0.5890483260154724,0.1003161072731018,-0.3807161748409271,-0.16499827802181244,-0.7172034382820129,-0.36392542719841003,-0.4550155699253082,0.5065885186195374,-1.1504207849502563,0.19456800818443298,-1.2884767055511475
35.769983170665,0.13608480989933014,0.2590825855731964,0.4891171157360077,1.2168928384780884,-0.8889389038085938,1.1593575477600098,0.05749916285276413,1.3884930610656738,0.6121740937232971,0.4662202000617981,-0.5913814902305603,0.47688567638397217,-1.7292686700820923,0.10409612953662872,0.7480416893959045,0.3778230547904968,0.4484213888645172,1.5484027862548828,0.901669442653656,-0.05302874743938446,0.8234214186668396
34.792806738524995,0.491247296333313,0.37785986065864563,0.7614163160324097,1.8459172248840332,0.32816359400749207,0.3512231409549713,-1.4551433324813843,0.4486841559410095,-1.066486120223999,-3.0502893924713135,-0.043887265026569366,0.21778637170791626,-1.3743047714233398,1.8209162950515747,1.7477558851242065,0.48297035694122314,-0.470708429813385,1.282743215560913,-1.2263002395629883,-1.1896979808807373,-0.4889349937438965
33.815630306384996,0.9142716526985074,-0.8261370658874367,1.5634075403213425,0.2792156338691675,0.6591265201568506,0.31123918294906405,-0.942880272865281,0.9984844923019328,-1.334674715995771,-0.9848298430442596,-0.6419599056243763,-1.3220157623291042,2.6402549743652197,-0.2114471495151935,0.37701448798178483,0.7903991341590882,-0.6544749140739463,-1.1464403867721455,-0.7009509801864657,1.3512225151061992,-0.3952217996120371
32.838453874245,-0.6114626526832581,1.0514540672302246,0.8936028480529785,-0.5780445337295532,-0.0930597111582756,1.0273420810699463,-0.017285985872149467,0.38528841733932495,1.0107229948043823,0.2719263732433319,0.9429895281791687,-0.3294951319694519,0.33772891759872437,-0.7010744214057922,-0.3908233046531677,-0.06488504260778427,-0.5507408380508423,0.2503293752670288,-0.41410961747169495,-0.6746107935905457,0.44194015860557556
31.861277442105,0.31308794021606445,0.8029206991195679,0.6436958909034729,0.8392743468284607,1.2319432497024536,2.120525598526001,1.8123465776443481,0.981999397277832,2.9416921138763428,0.421038419008255,-0.8156843781471252,-1.4144254922866821,-1.050042986869812,-0.2957741618156433,2.2399606704711914,-1.2506511211395264,1.3206509351730347,0.9775255918502808,0.7816270589828491,-0.058009374886751175,1.6132842302322388
30.884101009964997,-2.228233575820923,0.4595161974430084,-0.30641523003578186,0.1836918443441391,-0.2844005525112152,-0.8479606509208679,0.40182262659072876,1.6172746419906616,1.6366385221481323,-0.7105008959770203,0.40610209107398987,-0.8282421231269836,-0.3736211657524109,-1.083950400352478,-1.3028165102005005,1.1700752973556519,-0.6893375515937805,0.7480612397193909,-0.20359818637371063,-0.4256540834903717,-0.21725724637508392
29.906924577825,0.6999635696411133,-1.1399747133255005,1.684753179550171,-0.42504680156707764,0.377673476934433,-0.2037501484155655,0.004968439694494009,0.7783684134483337,-0.8294364213943481,0.8094398975372314,0.45943483710289,2.366602897644043,-0.7595711946487427,-0.007261224091053009,-0.4479822516441345,-1.139581561088562,-1.476824164390564,0.5323007106781006,0.6076492071151733,-0.6401990056037903,-1.6870629787445068
28.929748145684997,0.9975570440292358,-0.42642590403556824,1.155503749847412,-0.5734245181083679,-0.12288722395896912,-1.1297603845596313,0.7917449474334717,-1.9160451889038086,0.1427687406539917,-0.13609355688095093,-0.9262937307357788,1.76827871799469,-0.4117428660392761,-1.6202903985977173,0.8346747159957886,0.03755495324730873,-1.702218770980835,-0.7635307908058167,0.14270474016666412,1.414199709892273,-0.9065735340118408
27.952571713544998,0.20814964175224612,1.3063629865646296,0.4482375979423605,0.0336694084107845,0.5564953684806743,0.07356936484575387,0.1558105200529126,-1.2329277992248486,2.6375377178192143,-0.48677802085876515,1.0814471244812185,0.27133774757384077,1.2921699285507176,-1.007021188735962,0.07063632458448486,-0.5250688791275127,0.253186047077179,-0.6432572007179133,-0.37138155102730075,1.1150139570236153,0.2760356664657674
26.975395281405,-1.3359251022338867,-0.5392845869064331,0.7853769659996033,-0.3864295482635498,-0.6620805263519287,0.7227329611778259,-0.0738312155008316,-0.3128778636455536,1.4373202323913574,-0.6968392729759216,1.2118724584579468,-0.5651655197143555,0.711263120174408,-0.12014657258987427,0.6606515645980835,-1.4072763919830322,-0.3691563606262207,1.4775094985961914,-1.6500439643859863,0.03299618512392044,0.4004689157009125
25.998218849264997,-0.47004857659339905,0.9003493785858154,-0.128371462225914,0.8437790870666504,-0.9370317459106445,-1.288453459739685,-1.1723260879516602,0.7796353101730347,-1.2731072902679443,-0.8311249613761902,0.8487604856491089,0.3929004967212677,0.16305728256702423,-1.0572967529296875,0.29627761244773865,-0.8156574964523315,1.4954596757888794,-0.12341713160276413,1.1969577074050903,0.2497244030237198,-1.6722220182418823
25.021042417125,-1.1910359859466553,0.03567524254322052,-1.4769022464752197,1.0259329080581665,1.2016774415969849,0.38251668214797974,-1.6182975769042969,-0.3886873424053192,0.13680849969387054,-0.35453304648399353,-0.8443183302879333,0.531329333782196,0.20401111245155334,0.46601325273513794,0.00955161452293396,-0.24355380237102509,-0.11109597235918045,0.1269664168357849,-0.46592292189598083,0.15112218260765076,1.3301235437393188
24.043865984984997,1.174931526184082,0.3897000551223755,0.10469535738229752,2.2591707706451416,0.7774816155433655,0.9702655076980591,-0.47587576508522034,-0.5047248005867004,0.401661217212677,1.432285189628601,-1.3304462432861328,0.10478522628545761,1.5863394737243652,0.7403919100761414,0.16004601120948792,0.23870672285556793,-1.3073824644088745,-1.3098053932189941,2.720012664794922,-0.24562354385852814,-0.684569239616394
23.066689552845,-1.0711610317230225,-0.5061739087104797,-1.4171533584594727,-0.38007503747940063,-0.4129904508590698,0.2176501750946045,0.20620028674602509,1.2943309545516968,-0.7974725365638733,-1.5068345069885254,-1.276512622833252,-0.4617615044116974,0.5794183611869812,0.3815408945083618,-1.0648372173309326,-0.18138578534126282,-0.8486016988754272,-0.2694600820541382,1.0837469100952148,-1.3509327173233032,-1.5997580289840698
22.089513120705,1.1534075736999512,-0.9370457530021667,-0.6358664631843567,-0.4066973924636841,-1.0091135501861572,0.8903011083602905,1.8583124876022339,-0.955180287361145,-0.07972889393568039,0.5624522566795349,-0.595461905002594,0.08265358209609985,-1.1309154033660889,1.492085337638855,0.2651433050632477,-0.7825782299041748,-0.14774802327156067,-0.8073387145996094,1.375195026397705,0.45675578713417053,-0.8153269290924072
21.112336688564998,-0.1684699952602389,0.5138094425201474,0.23569427430630197,1.4758064746856625,-0.07145444303750037,0.11940143257379429,-0.7518745064735368,0.534189343452456,-0.19419839978218081,0.9211587309837301,0.2032399624586135,0.6222810149192841,-0.4188766479492092,0.8697782158851638,0.646956622600561,-0.18989057838916024,1.3154612779617287,-0.17027437686918956,1.114927530288698,0.973768472671505,0.08848776668309721
20.135160256425,-0.1611444652080536,1.1725434064865112,-0.5476766228675842,-1.1557427644729614,-0.017888447269797325,0.2073598951101303,0.5322280526161194,-0.19434502720832825,-0.09859876334667206,-0.6754736304283142,0.45552533864974976,-0.31525954604148865,-0.005690786987543106,2.0453736782073975,0.6538857221603394,0.6053300499916077,1.1543211936950684,1.034209132194519,1.2394455671310425,-0.18612822890281677,0.28471532464027405
19.157983824284997,0.8738145232200623,0.994341254234314,0.48396170139312744,0.18505410850048065,1.240805983543396,0.3452340066432953,0.6258627772331238,1.3836212158203125,-0.05435962229967117,-1.922384262084961,0.3780896067619324,-0.7182755470275879,-1.1119611263275146,2.1085212230682373,0.1818782389163971,1.368394374847412,1.479865550994873,1.7217148542404175,-1.1625488996505737,0.2833106815814972,0.6355091333389282
18.180807392145,2.0666568279266357,2.40146803855896,-0.5848525166511536,1.7423654794692993,2.6449570655822754,2.354400634765625,0.38679248094558716,1.3083466291427612,2.201322078704834,0.14911644160747528,-0.8294681310653687,1.210424780845642,0.634936511516571,0.8143081665039062,2.0709433555603027,2.449638843536377,2.3091912269592285,-0.0541011206805706,0.656292736530304,0.7997711896896362,1.8636378049850464
17.203630960005,2.5431435108184814,0.7505015730857849,2.3312649726867676,1.4136124849319458,1.4945769309997559,3.2405338287353516,1.3118691444396973,-1.0165517330169678,0.2600384056568146,1.4782427549362183,2.5887484550476074,-0.2173636555671692,0.4542582631111145,1.587195873260498,-0.24553564190864563,0.6002711653709412,2.624415636062622,-0.21720047295093536,0.4440953731536865,0.8270844221115112,1.6307514905929565
16.226454527865,1.29579496383667,-0.3938574492931366,1.3788199424743652,0.4757018983364105,1.8934351205825806,1.4899731874465942,-1.4178199768066406,1.5120805501937866,0.2793469727039337,0.7429829835891724,-0.5348940491676331,-0.9199612140655518,2.352631092071533,1.3157447576522827,1.5265487432479858,0.8246481418609619,1.1661033630371094,0.13220025599002838,1.9131687879562378,-0.2670949697494507,3.1943955421447754
15.249278095725,1.9828932285308838,1.3978594541549683,2.033318281173706,0.9089085459709167,1.0415178537368774,1.3466778993606567,0.8757978081703186,1.1942660808563232,1.326805591583252,1.8528094291687012,0.5323101878166199,1.5136699676513672,2.0118956565856934,0.5713524222373962,1.2838913202285767,0.9212114810943604,2.397157907485962,0.6361492872238159,1.5937602519989014,1.7805041074752808,1.639822244644165
14.272101663584996,2.3150737285614014,0.6391674876213074,0.759406328201294,0.6217435002326965,2.0776054859161377,2.418379306793213,1.377793312072754,0.9795106053352356,0.822524905204773,1.693459391593933,1.826006531715393,1.8732538223266602,2.004913091659546,1.9380096197128296,3.0847651958465576,1.3796213865280151,0.238677978515625,1.1379677057266235,0.6955809593200684,2.175995349884033,1.3183343410491943
13.294925231445,2.565107583999634,1.9460992813110352,-0.0788971483707428,1.37248694896698,4.623838424682617,2.9382307529449463,2.038801670074463,0.9612569808959961,1.9067952632904053,2.746954917907715,1.8725615739822388,1.8893640041351318,3.2481093406677246,2.33343243598938,2.418038845062256,1.9927101135253906,-0.39421704411506653,1.1076924800872803,1.8991420269012451,3.0402021408081055,1.4141113758087158
12.317748799305003,1.7970619201660156,3.6505191326141357,2.6474428176879883,0.33461129665374756,2.552445411682129,3.062922477722168,3.454587697982788,2.1926400661468506,2.755335569381714,2.4348442554473877,0.5634226202964783,0.640084981918335,1.6761608123779297,2.3879241943359375,2.0480880737304688,2.603238582611084,2.85990309715271,1.661208987236023,2.1502203941345215,3.5161564350128174,3.356645345687866
11.340572367164997,4.046712398529052,1.5999344587326032,3.769774675369263,2.316611051559454,2.2425963878631627,3.315985202789308,2.23976182937622,3.3612375259399396,2.5408008098602286,0.5225166082382238,3.225597858428963,2.316395998001102,1.8907864093780535,2.7453799247741713,2.086592674255373,2.4040303230285702,1.5481070280075102,3.305001258850096,2.353983879089364,2.4487810134887695,4.764522075653076
10.363395935025,1.5431715250015259,3.2810964584350586,2.1430957317352295,4.407467842102051,4.3217620849609375,5.108058452606201,2.27775239944458,3.0906248092651367,3.303781509399414,2.149146318435669,3.0902416706085205,1.9633281230926514,3.948776960372925,1.4844857454299927,3.3602395057678223,2.566770315170288,4.242855548858643,2.846613883972168,3.596254825592041,2.3988230228424072,2.573643922805786
9.386219502884996,2.5830438137054443,4.316441535949707,3.183563232421875,3.4019763469696045,3.1878600120544434,3.091952085494995,1.1388776302337646,1.0913000106811523,2.5149760246276855,2.1719233989715576,3.799362897872925,3.4728243350982666,4.418286323547363,2.3227174282073975,2.251727342605591,1.999255657196045,1.5901597738265991,2.442131996154785,3.718297243118286,2.0210494995117188,2.5306692123413086
8.409043070745,4.092281341552734,4.073524475097656,3.620967149734497,4.459947109222412,4.798762798309326,4.234313488006592,4.5253705978393555,2.6686415672302246,4.91765832901001,4.34804105758667,2.0682921409606934,4.777021884918213,4.031665325164795,4.632414817810059,4.200851917266846,3.838750123977661,6.500138282775879,1.800801396369934,3.959146022796631,4.798434257507324,3.2741451263427734
7.431866638604995,5.231985569000244,5.001762390136719,4.461197853088379,5.360903739929199,4.885963439941406,2.0523111820220947,5.147666931152344,3.4835596084594727,6.033121585845947,3.6789348125457764,4.759427070617676,5.129064083099365,4.040992736816406,3.6622562408447266,5.057244777679443,4.737781047821045,5.611385345458984,2.0673632621765137,3.813239574432373,5.117604732513428,4.9479217529296875
6.454690206464998,6.207284450531005,7.1168470382690465,4.887145996093749,6.298909664154052,5.5845670700073216,6.6262011528015154,7.504827976226808,6.154128551483152,5.198060035705569,6.604199409484866,5.072393894195558,5.1257205009460485,4.9047794342041025,6.878169059753419,5.4984378814697275,5.746363639831544,6.431621551513675,6.582593917846681,6.100534915924073,6.41496753692627,4.042407512664798
5.4775137743250015,6.7219624519348145,6.9205474853515625,6.631403923034668,4.5530805587768555,5.132289409637451,5.949615478515625,7.311344146728516,5.531189441680908,7.311572074890137,5.841454029083252,8.247387886047363,8.110477447509766,6.406998157501221,7.063662528991699,5.792312145233154,6.952578544616699,8.707989692687988,7.094465732574463,5.766952991485596,7.398482322692871,6.332979202270508
4.500337342184998,8.840346336364746,7.307226181030273,9.287026405334473,8.54218864440918,9.116913795471191,10.625247955322266,8.433999061584473,7.6726908683776855,6.5759172439575195,9.041472434997559,11.008140563964844,11.650860786437988,9.975963592529297,9.439774513244629,8.403279304504395,9.564970970153809,8.790958404541016,6.189845561981201,10.384912490844727,8.816637992858887,7.666782379150391
3.5231609100450005,10.050190925598145,9.201604843139648,10.623266220092773,10.376629829406738,9.051311492919922,11.064597129821777,11.014045715332031,10.131823539733887,8.483948707580566,11.404580116271973,11.336175918579102,11.10000991821289,10.186290740966797,8.196311950683594,9.950521469116211,12.806904792785645,10.106224060058594,9.870261192321777,9.252301216125488,8.069393157958984,9.315128326416016
2.5459844779049963,10.841527938842773,9.870461463928224,10.917766571044924,9.538816452026369,10.367711067199707,8.156285285949709,12.24984359741211,9.599839210510256,10.388739585876467,11.15198802947998,11.428135871887207,9.568648338317873,10.113924980163576,8.949592590332035,10.899303436279299,10.400853157043459,10.50396728515625,12.895697593688965,7.656595706939699,10.157720565795898,10.943037986755371
1.5688080457649993,13.365241050720215,13.89841079711914,12.884521484375,12.70201587677002,11.72836971282959,11.410232543945312,12.851255416870117,12.753399848937988,12.144550323486328,12.758481979370117,12.875736236572266,12.8701810836792,12.565513610839844,14.382540702819824,14.044939041137695,11.629706382751465,13.580772399902344,12.554088592529297,13.507956504821777,12.339661598205566,12.477873802185059
0.5916316136249953,15.267017364501953,14.94868278503418,15.779789924621582,14.441812515258789,14.043145179748535,14.97673225402832,15.686863899230957,15.215716361999512,13.414840698242188,15.275243759155273,14.657480239868164,14.117698669433594,13.782645225524902,14.993361473083496,12.628303527832031,15.213019371032715,14.67054557800293,16.105754852294922,13.919546127319336,15.230134963989258,15.64346981048584
-0.38554481851500166,13.07536792755127,15.520539283752441,12.959368705749512,13.914716720581055,13.585677146911621,14.044364929199219,15.160412788391113,14.565542221069336,13.87078857421875,15.347359657287598,14.097921371459961,15.557234764099121,14.136818885803223,15.180994987487793,14.672260284423828,16.267122268676758,13.435544967651367,18.09568214416504,12.54810619354248,14.914693832397461,16.295896530151367
-1.3627212506549986,10.850950241088867,12.811748504638672,11.797986030578613,13.138290405273438,14.542529106140137,13.840754508972168,12.531025886535645,13.141798973083496,12.944099426269531,13.285882949829102,12.770968437194824,13.197243690490723,12.87580394744873,13.133448600769043,11.844087600708008,14.055997848510742,14.663052558898926,14.889163970947266,13.218160629272461,14.162309646606445,15.302308082580566
-2.339897682795003,8.851621627807617,10.938752174377441,10.233752250671387,10.324690818786621,10.080499649047852,11.183924674987793,10.644306182861328,8.04029655456543,10.660679817199707,10.0584716796875,11.667284965515137,10.57418155670166,7.373612880706787,10.43538761138916,10.239501953125,9.669047355651855,10.602401733398438,9.762364387512207,11.079655647277832,11.222031593322754,9.179927825927734
-3.3170741149349996,4.56696081161499,7.669094562530518,7.942831516265869,6.30508279800415,6.501158714294434,6.7086873054504395,8.198402404785156,5.279740810394287,5.212735176086426,6.100704669952393,7.358586311340332,6.658210277557373,6.873281955718994,6.965288162231445,6.2884416580200195,6.8403143882751465,6.539545059204102,6.554443359375,7.082071781158447,7.344038009643555,6.445956230163574
-4.294250547075004,5.228812217712402,6.640340805053711,5.938797473907471,5.887831687927246,5.450401306152344,4.275790691375732,6.482746124267578,4.877869606018066,5.4637227058410645,5.2610392570495605,5.86869478225708,4.8598737716674805,6.070555210113525,5.089491367340088,5.373187065124512,5.49060583114624,6.477358341217041,6.247830390930176,4.914517879486084,5.812991142272949,3.557284116744995
-5.271426979215001,2.962261199951172,3.302595615386963,1.843223214149475,4.5208210945129395,2.8767354488372803,2.3649749755859375,4.327348709106445,2.7454869747161865,6.500794410705566,2.854358196258545,3.5123088359832764,4.141582489013672,3.859997510910034,1.7572381496429443,5.129204273223877,4.1358513832092285,4.8243279457092285,1.9438302516937256,1.8800418376922607,4.683867931365967,6.005202293395996
-6.248603411354997,3.460649013519288,1.666160821914675,2.2915968894958474,2.85517501831055,3.661875963211056,3.380439996719358,1.6763676404953012,2.511310338973998,2.1493580341339147,2.49209427833557,2.6920630931854244,3.34633779525757,4.673104763031004,2.528685092926024,1.5792359113693262,2.959721565246582,3.148005247116089,3.6467649936676,2.6130876541137673,5.1201624870300275,2.1497948169708274
-7.225779843495002,3.067906141281128,3.4203426837921143,0.7674036026000977,2.0674312114715576,3.6355807781219482,2.0017731189727783,2.513887643814087,1.3959146738052368,2.163454532623291,1.9712713956832886,2.959352970123291,2.48480486869812,3.8100764751434326,2.3052685260772705,4.03702449798584,0.9084023833274841,2.0537493228912354,2.3677752017974854,2.155484914779663,4.101737976074219,3.0144901275634766
-8.202956275635,3.7784478664398193,3.1036455631256104,0.33612847328186035,3.727489471435547,1.7768077850341797,1.2202361822128296,2.2641730308532715,-0.4945732653141022,1.9380807876586914,2.8764355182647705,2.7912609577178955,2.8355867862701416,0.2818167805671692,1.1292617321014404,4.737247467041016,0.5385971069335938,2.59541654586792,0.9171534776687622,2.416668653488159,3.184062957763672,2.80556058883667
-9.180132707775003,3.2218563556671143,1.6398522853851318,2.5668201446533203,3.026254653930664,2.916595697402954,3.9071409702301025,1.5905948877334595,0.5132664442062378,2.050579309463501,2.122864246368408,2.0004329681396484,1.5961904525756836,2.5963664054870605,1.4048678874969482,2.2398014068603516,2.9852256774902344,3.147604465484619,0.6269437074661255,3.2095203399658203,3.2198486328125,2.1194589138031006
-10.157309139915,0.7889799475669861,1.1097826957702637,2.73297381401062,2.8432602882385254,2.538729667663574,1.305734395980835,2.30153751373291,2.08137845993042,1.3891022205352783,0.3469028174877167,2.8742194175720215,2.373419761657715,3.5023796558380127,0.8597952127456665,1.5579062700271606,3.2091212272644043,1.7021712064743042,1.0592148303985596,0.6341311931610107,2.8755698204040527,1.5385929346084595
-11.134485572055004,1.7053223848342896,-0.09266798943281174,1.2948957681655884,1.471448302268982,1.9255266189575195,0.7511790990829468,-0.2918608486652374,2.3633229732513428,1.2265280485153198,0.568115770816803,0.19583570957183838,1.4864728450775146,2.5009188652038574,2.0271503925323486,3.039491891860962,2.7165255546569824,0.03319758176803589,-1.04148268699646,1.5825501680374146,2.228914499282837,2.6143698692321777
-12.111662004195,1.4107601642608643,-0.008151715621352196,1.252882480621338,2.280404567718506,3.0352728366851807,1.3557484149932861,0.7947887182235718,1.6051068305969238,1.3251817226409912,0.9636388421058655,1.3250479698181152,0.3863626718521118,3.089371919631958,1.909106731414795,1.9807332754135132,-0.5176035165786743,1.742705225944519,1.58021879196167,3.702550172805786,3.044318675994873,0.7312586307525635
-13.088838436334997,-0.22059378027915955,1.1637063026428223,0.6973637342453003,1.2057777643203735,1.8467841148376465,0.6441837549209595,2.059032917022705,2.5811209678649902,0.3498300015926361,-0.38840070366859436,-0.7366107702255249,0.09098997712135315,2.0758612155914307,0.3344627618789673,0.5381036996841431,1.2415087223052979,3.3415017127990723,1.1323504447937012,-0.3835875988006592,3.2234787940979004,1.3786451816558838
-14.066014868475001,0.5434178709983826,0.3544188439846039,0.5002183318138123,0.7608658671379089,-0.6821280717849731,-1.5200440883636475,-0.6017573475837708,0.025841962546110153,0.8957473039627075,0.4470503330230713,-0.03191464766860008,1.8346744775772095,1.0534131526947021,1.0103199481964111,1.2467879056930542,1.16838800907135,0.9251416921615601,0.8626902103424072,-0.5585238933563232,1.1762375831604004,-0.13424278795719147
-15.043191300615,1.8330546617507937,1.1673749685287462,2.6143381595611555,1.636041402816774,1.3418294191360467,0.13476146757602758,-1.2157449722290044,0.04580180346965935,0.5508053302764903,-0.2536073327064491,2.0376574993133487,1.7801731824874865,1.0353354215621973,0.10815091431141337,-0.21099668741225866,0.618859946727754,1.1094199419021569,0.8855164051055882,1.231693029403684,1.31677746772766,-0.4772581458091737
-16.020367732754995,1.7765130996704102,0.31178539991378784,1.9836528301239014,3.0570695400238037,-0.7380906343460083,0.1304670125246048,-1.405882716178894,0.23426450788974762,1.8229984045028687,-0.7925322651863098,2.540337085723877,1.7704699039459229,1.3319953680038452,0.1513434499502182,1.3100013732910156,-0.30730125308036804,1.453737497329712,0.6392713189125061,-1.8063716888427734,2.713567018508911,-1.5121756792068481
-16.997544164895007,2.0175318717956543,0.3553275763988495,1.92715322971344,1.4061545133590698,-0.8076857924461365,0.8824824690818787,1.4139204025268555,0.12306655198335648,2.9975292682647705,2.1677560806274414,2.4378483295440674,-0.1507694125175476,1.051669716835022,-0.42243459820747375,0.7227808237075806,1.6241860389709473,2.2608184814453125,1.8064669370651245,-0.30721068382263184,1.1438612937927246,2.769686698913574
-17.974720597035006,0.8005587458610558,0.15162248909473494,1.0739312171935984,-0.3507912158966125,2.109771728515615,-0.40519267320633057,0.1011277288198458,0.8178613781928874,1.0955857038497978,-0.14956575632094674,1.8225430250167813,2.1234145164489733,0.9423733353614768,1.7735792398452692,-0.21295729279517553,-0.01623415201903118,0.7073259353637708,1.6095203161239604,0.4149233996868141,-1.2387287616729667,0.06518255174161129
-18.951897029175,0.07340694218873978,-0.6242652535438538,0.7199143767356873,0.822806179523468,0.8671478033065796,-0.009761220775544643,1.0660223960876465,1.1073707342147827,3.283247470855713,0.4152294993400574,1.2657735347747803,-0.13807256519794464,1.3407437801361084,0.41145026683807373,0.40356436371803284,0.6441974639892578,-0.21196585893630981,1.3092033863067627,-0.36651474237442017,0.13284683227539062,1.5771050453186035
-19.929073461315,1.0517693758010864,0.10885224491357803,-0.32757052779197693,1.4143401384353638,0.9332911372184753,0.43627822399139404,2.159503936767578,0.9721728563308716,2.6069891452789307,0.2139037400484085,1.1783075332641602,1.0972970724105835,0.3214409351348877,-0.7462636232376099,1.187287449836731,0.5069704055786133,-0.23988305032253265,0.05334420129656792,-0.29921773076057434,2.1339118480682373,0.7215632200241089
-20.906249893454994,1.1961857080459595,1.3613455295562744,2.0221030712127686,1.0933537483215332,-0.5917980074882507,0.35568472743034363,0.49495595693588257,0.0016166346613317728,0.2755392789840698,0.11073070019483566,1.4432730674743652,-0.9552100896835327,-0.14538225531578064,0.3662983477115631,-0.4442843496799469,1.5761507749557495,0.610444962978363,1.7015467882156372,0.9966903924942017,0.4169478714466095,1.0906336307525635
-21.883426325595007,0.08148413896560669,1.3467707633972168,1.8228685855865479,2.5685086250305176,1.0823760032653809,1.4499155282974243,1.0070667266845703,1.654602289199829,1.080957055091858,0.4209830164909363,0.644866943359375,-0.10657782107591629,1.2436299324035645,0.9842357635498047,-0.7699868083000183,0.7281019687652588,-1.4853568077087402,0.7717120051383972,1.3865864276885986,-0.2132667452096939,2.6973538398742676
-22.860602757735002,0.9488815069198608,0.6294416785240173,-0.07651004195213318,1.4744218587875366,-0.4090467691421509,-0.6711599230766296,-0.16487687826156616,0.7320603728294373,0.6073960065841675,0.15382346510887146,0.5828346610069275,0.239707812666893,0.870391309261322,0.5051803588867188,1.2822017669677734,1.3844809532165527,-1.2222222089767456,-0.5045126676559448,0.4248139560222626,-0.34180811047554016,0.9258626103401184
-23.837779189875,0.021826762706041336,0.48371660709381104,0.8700397610664368,-0.20142541825771332,-0.7361934185028076,-1.1620728969573975,0.9530842304229736,0.1505858600139618,0.25480151176452637,-0.8453468084335327,0.5933733582496643,1.5614961385726929,1.410452127456665,1.594190001487732,1.1297160387039185,0.8604019284248352,0.505145788192749,-0.1418447196483612,-0.33992916345596313,0.9849815368652344,0.9918843507766724
-24.814955622014995,-0.31010806560515936,0.19705963134764762,-2.576218128204329,-1.5650714635848928,2.0002076625823926,-0.24877209961414237,0.885902643203736,-1.894097685813909,0.7060461044311518,-0.8840802311897251,-2.426077604293815,-0.6787436604499621,0.19082596898079987,0.17300269007683192,0.8162180185318023,-0.015453059226273085,0.4923954606056233,-1.8464820384979304,-0.07886060327291447,0.5075061917305027,1.8477437496185258
-25.792132054154994,1.0062109231948853,0.8729689717292786,-1.35232412815094,0.5653999447822571,1.9037137031555176,0.13408489525318146,1.3363302946090698,1.5675721168518066,-1.0414354801177979,0.03610305115580559,-0.39604711532592773,-0.19529087841510773,1.304634928703308,2.015739679336548,1.9545135498046875,1.2826037406921387,0.7877728343009949,0.4799603223800659,0.14034175872802734,0.8625346422195435,0.6479026079177856
-26.769308486295007,-1.0413968563079834,1.1858255863189697,0.9024888873100281,0.40080854296684265,1.7159450054168701,0.2698647677898407,0.7856528162956238,0.5236331224441528,1.9572954177856445,-0.5073363780975342,0.627079963684082,-1.0750492811203003,0.5390887260437012,0.6250412464141846,1.2449510097503662,1.6827422380447388,0.17162390053272247,0.9072244167327881,-1.1170858144760132,-0.16729271411895752,0.9617035984992981
-27.746484918435,1.2274149656295776,-0.24094057083129883,0.5304145812988281,1.904775619506836,0.09513086080551147,-0.35241344571113586,1.531273603439331,0.11780267208814621,1.7093567848205566,-1.0228873491287231,1.2135472297668457,0.21891656517982483,-0.35306963324546814,0.8651759028434753,1.0356061458587646,-0.20879365503787994,0.857921838760376,0.289216011762619,-0.9424445033073425,-0.9831796288490295,1.1030642986297607
-28.723661350575,1.6714770793914795,2.4957330226898193,-1.258749008178711,0.22710943222045898,-0.5163028240203857,-0.5110059380531311,0.5911909937858582,-1.5393601655960083,0.10402464866638184,-0.40740448236465454,1.5787732601165771,0.8471788167953491,-0.4249819219112396,-1.3832602500915527,-0.6358141303062439,0.48151567578315735,1.210831642150879,-0.31560423970222473,-0.8991333246231079,-0.19123981893062592,-0.9147844910621643
-29.700837782714995,0.8575267195701599,1.434586763381958,0.1602865308523178,0.7949931621551514,1.8514727354049683,1.0496280193328857,1.5216656923294067,1.6900100708007812,2.38974666595459,1.9457197189331055,1.7573875188827515,1.9571839570999146,1.666407823562622,0.6655243635177612,1.487058162689209,0.3332361876964569,2.697948455810547,0.7241969704627991,1.0766807794570923,0.18941350281238556,1.7140569686889648
-30.678014214855008,-1.1770166158676147,0.38601845502853394,1.2153055667877197,-0.8825851082801819,1.8664226531982422,0.0021131648682057858,1.5776305198669434,2.0180723667144775,-0.7507212162017822,1.4784353971481323,1.3181649446487427,1.0635708570480347,0.9078483581542969,-0.47821423411369324,-0.3338446319103241,1.1933709383010864,-1.6277543306350708,1.4021546840667725,0.32199960947036743,-0.3109736144542694,-0.21760278940200806
-31.655190646995006,-0.2042015641927784,0.8032387495040779,-0.7294998764991784,0.035873811691995085,0.7092210650444146,-0.07059138268232168,0.6763490438461252,-0.863266944885242,-0.8913933038711579,-0.3703842461109111,-1.0114486217498746,-0.3725300431251472,0.3252751529216887,0.4624001085758224,-1.6059523820876986,-0.3528761863708448,-0.23621325194836676,0.43815350532532016,-0.6786586642265301,1.5276247262954625,0.30416747927666143
-32.632367079135,1.5936356782913208,0.3761979937553406,-1.158388376235962,0.4362119436264038,-0.4349929094314575,2.031599283218384,1.7418292760849,-1.3920212984085083,0.014349204488098621,1.0264302492141724,-1.4251002073287964,0.3799510896205902,0.0952037125825882,1.501081109046936,-0.9210824966430664,-0.8328760266304016,0.23970836400985718,0.08162495493888855,0.6235485672950745,0.5502012968063354,0.5158551931381226
-33.609543511275,0.05041634663939476,0.0055602542124688625,-1.7067060470581055,-0.30496498942375183,0.400654137134552,1.7581336498260498,-2.5415918827056885,0.11470593512058258,0.5058647990226746,-0.7917155623435974,-0.16549727320671082,0.5439544916152954,2.628880262374878,0.20792487263679504,1.3341491222381592,0.8765890002250671,-1.884169578552246,-0.5468918085098267,0.13985711336135864,-1.1190382242202759,-0.3391025960445404
-34.586719943415,-1.876276969909668,-2.2762956619262695,-0.1381392627954483,-1.9562729597091675,1.5356389284133911,1.4675811529159546,-1.022229790687561,0.10777189582586288,-2.2975268363952637,0.6082000732421875,-0.359232097864151,-1.361531138420105,1.379634141921997,-0.43460148572921753,-1.8636826276779175,-1.5935263633728027,-0.9313992857933044,-1.4529283046722412,0.011191784404218197,1.3122018575668335,0.1836416870355606
-35.563896375555004,1.3224700689315796,1.0065414905548096,1.2968193292617798,0.976930558681488,1.3086574077606201,0.5331326127052307,1.5961060523986816,-0.4722481071949005,-0.15767402946949005,0.7563692927360535,0.9203846454620361,0.29715120792388916,0.6157882809638977,0.9262161254882812,-0.7377965450286865,0.1366526186466217,-0.0981217622756958,0.40123632550239563,0.23532262444496155,0.09639149904251099,0.6074643135070801
-36.541072807695,-0.004377285484224558,0.8387442827224731,-0.5291958451271057,-0.036052148789167404,0.48670467734336853,0.10994145274162292,-0.5705807209014893,-0.16181471943855286,1.2865384817123413,-0.9820811748504639,0.10834834724664688,0.4236937165260315,-0.3763871490955353,-0.3995891809463501,-0.39637741446495056,0.7209948301315308,2.514525890350342,0.7610750198364258,1.0957629680633545,1.6703616380691528,0.5801793932914734
-37.518249239835,-1.1735235452651978,1.1558401584625244,-0.7324631810188293,-1.5674086809158325,0.3056893050670624,-0.17864735424518585,0.5193822383880615,1.264686107635498,0.9253048300743103,0.12628118693828583,0.23631411790847778,-0.33392980694770813,-0.041157934814691544,-2.062873363494873,0.8689814209938049,-0.002190803876146674,2.416355609893799,0.6561558246612549,-1.185925841331482,2.263587236404419,0.6437619924545288
-38.495425671975,0.32245934009552,-0.2550502121448517,1.4922360181808472,0.6054635047912598,0.9453113079071045,0.8500910401344299,0.6719690561294556,1.350438117980957,0.7196033596992493,1.2211612462997437,1.6140722036361694,1.0900322198867798,-0.06716403365135193,0.3527182936668396,-0.22483496367931366,1.4915988445281982,0.7964861392974854,0.5417239665985107,1.124207615852356,0.04209090769290924,-0.7516816258430481
-39.472602104115,-0.12636956572532654,0.40514782071113586,1.2774549722671509,0.8443918824195862,0.14210441708564758,2.6258113384246826,0.36150458455085754,-0.02633037231862545,-0.18938878178596497,3.08913516998291,0.9085642099380493,0.7949107885360718,-0.31622782349586487,0.27040305733680725,-0.340347021818161,1.3204723596572876,0.1749589890241623,0.362769216299057,2.218947172164917,-0.05730433762073517,0.06646574288606644
-40.449778536255,-0.439574271440506,-0.9384942054748535,0.3034108579158783,-0.9380172491073608,0.5767898559570312,1.3052868843078613,-1.368828296661377,0.7029153108596802,-0.7335052490234375,0.5996858477592468,-0.5919924974441528,-1.0725412368774414,1.2437623739242554,-0.9601103067398071,-0.820564866065979,0.4001440405845642,0.8082895278930664,1.4374184608459473,0.002137669362127781,-1.2221288681030273,0.4035525918006897
-41.426954968395,0.9425348043441772,0.9018325209617615,-0.0478677935898304,-0.7059528231620789,-0.1814613938331604,-0.899530291557312,0.24354277551174164,2.0445058345794678,-0.8420453071594238,-1.1032392978668213,-0.18448278307914734,0.2671595811843872,-1.3770924806594849,-1.4851830005645752,-1.1400986909866333,-0.829666793346405,0.9169082045555115,-1.3350255489349365,-2.2730679512023926,-0.008425197564065456,0.025838332250714302
-42.404131400535,1.317294955253601,-1.3067699670791626,-0.6857168674468994,0.05830646678805351,-0.40647614002227783,-0.7787489295005798,-0.0456831119954586,1.577337384223938,-0.3836364448070526,-0.4933037757873535,-0.7176943421363831,-1.805728793144226,0.7171145677566528,0.9317174553871155,-1.0162590742111206,-0.2520187497138977,1.196861743927002,-0.9685320854187012,0.9092502593994141,0.1848909705877304,0.5940306186676025
-43.381307832675,-0.5133664011955261,-0.6438162922859192,-0.7448831796646118,0.5103015899658203,0.5065879821777344,0.6388636231422424,0.20858046412467957,-0.017470968887209892,-0.28692659735679626,-1.550022840499878,1.194342851638794,-0.15620166063308716,2.1352102756500244,1.2289385795593262,0.06405732035636902,1.319953203201294,0.6237244606018066,-1.368967056274414,0.12895001471042633,0.4291459918022156,-0.26545488834381104
-44.35848426481499,-0.43998420238494446,1.7198879718780422,-0.027455739676960102,1.170076251029962,0.900660455226907,1.120934963226323,1.5414642095565914,0.5545030832290704,1.9179135560989329,-0.468819826841364,0.3349622786045058,-0.34063246846199063,-0.5505401492118597,-0.8101763725280638,1.9575375318527284,0.43779051303865507,0.08372423052788393,0.16029542684553968,-1.0175672769546438,0.5719187855720546,-0.04310104250908202
-45.335660696955,-1.0589064359664917,-0.5605100989341736,-0.2455676794052124,-0.1394287645816803,0.39164575934410095,1.0202692747116089,-0.9876101613044739,-0.7548583149909973,1.3162016868591309,-0.49292153120040894,0.48939722776412964,-0.1636812537908554,0.09975528717041016,-2.4750888347625732,1.256925106048584,-1.4581059217453003,0.3784675896167755,-1.4445828199386597,-1.9814403057098389,-1.1604583263397217,2.0302774906158447
-46.312837129095,0.9958563446998596,-2.203779458999634,0.8551969528198242,-1.3266692161560059,-0.3368215560913086,-0.7754077315330505,-1.5844833850860596,1.3742810487747192,-2.2163727283477783,-1.4166221618652344,0.4560168385505676,0.7076203227043152,0.28867390751838684,-1.033211588859558,0.3866564929485321,-0.44302108883857727,-0.26432982087135315,0.02579258754849434,-1.349959135055542,0.1981707215309143,0.9689798951148987
-47.290013561235,-0.5009284615516663,-0.20737959444522858,-0.4607216417789459,0.36294233798980713,-0.3573358356952667,-0.39784151315689087,-0.44170212745666504,-0.37869715690612793,0.588176429271698,-0.09900867938995361,-1.0628769397735596,0.10034102946519852,0.4698851704597473,0.47556689381599426,-0.2084895819425583,-0.4530281722545624,-0.3736218512058258,-0.20854471623897552,-0.38627299666404724,1.194616675376892,-0.7652086615562439
-48.267189993375,-1.2529174089431763,-0.7613189816474915,-2.3658905029296875,-0.3262382447719574,-0.15270128846168518,-0.07088217884302139,1.060576319694519,-0.3581213653087616,0.22055131196975708,-0.1070811003446579,-0.8458958268165588,-0.0005955391097813845,1.2403515577316284,-0.4532690644264221,0.6643990278244019,-0.38303878903388977,-1.103649377822876,-0.15058282017707825,0.3149539530277252,0.9613692760467529,0.8624982237815857
-49.244366425515004,0.4833864569663894,1.0060652494430338,0.4800738096237089,0.4805092811584523,0.0020533632487086547,-0.11598484963177713,0.5870936512946922,-0.5600506663322466,1.0823773145675715,0.7002962231635944,0.942029535770411,0.7876922488212628,0.9964892268180987,-0.6026691794395337,-1.2630647420882977,0.02454487606883139,1.8890749216079528,-0.07354439795018922,0.9677429795265253,-1.3190568685531634,2.648319959640506
-50.221542857655,-0.05355171114206314,0.46922942996025085,-0.3301169276237488,-0.6495606303215027,-0.8904213905334473,0.4266835153102875,0.43942975997924805,0.9296337962150574,1.3663115501403809,0.6755874752998352,1.6566028594970703,0.18441510200500488,-0.06019649654626846,0.7000750303268433,-0.4933629333972931,-0.7569272518157959,1.2423405647277832,0.6260350942611694,2.42244815826416,-0.16245485842227936,0.024902112782001495
-51.198719289795,-1.2135459184646606,0.11537859588861465,-2.145325183868408,0.03568064793944359,0.3972300887107849,0.5398634076118469,0.3589339256286621,0.5406272411346436,-0.0738920196890831,0.2435779869556427,0.06340501457452774,0.7216039299964905,-0.7797820568084717,0.7366771101951599,0.8668316602706909,0.1731719672679901,-0.05722314491868019,0.5108869075775146,0.08699572086334229,0.5338050127029419,-0.11239742487668991
-52.175895721935,-1.0812004804611206,-1.0762156248092651,-0.7100639343261719,-0.24058429896831512,0.9790075421333313,0.16325804591178894,-2.269179344177246,0.9073676466941833,-0.22267086803913116,-0.1287502646446228,0.0838768258690834,0.23262397944927216,0.6364657878875732,1.292494297027588,-0.22437511384487152,1.1255755424499512,-0.0378236323595047,0.9242511987686157,0.2592270076274872,-1.3860195875167847,0.7601296901702881
-53.153072154075,-0.1914154589176178,-1.3121904134750366,0.08999542146921158,-0.2942506670951843,1.4086450338363647,1.1310120820999146,0.2779306471347809,-0.2829701006412506,-1.4375208616256714,2.1732683181762695,0.3352205455303192,0.765005886554718,0.8441507816314697,0.22393813729286194,-1.292908787727356,0.9913083910942078,-1.072266697883606,-0.6592616438865662,0.9800106883049011,0.024613330140709877,-0.5343227982521057
-54.130248586215004,-0.09707649052143097,0.9909006953239441,0.9624500274658203,0.8321325778961182,-0.35212066769599915,-0.8652310967445374,0.7591256499290466,0.6857573986053467,-0.8060582876205444,0.9757192730903625,0.10578439384698868,1.8675941228866577,-0.3684541583061218,-0.10467074066400528,-0.9769749045372009,-0.7675701975822449,-1.1915490627288818,-0.9142544269561768,0.9123429656028748,-0.011345399543642998,-0.7309609651565552
