id,sbid,uniq_name,comp_name,component_id,ra,dec,glon,glat,rating,flux_peak,flux_int,mean_cont,sd_cont,opacity_range,max_s_max_n,max_noise,num_chan_noise,min_opacity,vel_min_opacity,peak_tau,e_peak_tau,has_mw_abs,has_other_abs,semi_maj_axis,semi_min_axis,pa,n_h,noise_flag,continuum_slope,mwdet
0,38758,J040848-750719-38758,J040848-750719,SB38758_component_1a,62.201611,-75.122054,288.97723612383857,-36.12743290142625,A,9939.6416015625,14466.7548828125,0.0494462073121855,0.0018697464143271,0.2012521332239643,27.451211124035314,1.007073587565274,126.0,0.8058214543413098,0.6038520639602357,0.2158930816831862,0.0031013774555168,True,False,5.735000133514404,4.875,110.4499969482422,2.667040534119612e+20,False,0.0015592965077915,True
1,38758,J043535-745157-38758,J043535-745157,SB38758_component_2a,68.896025,-74.865834,287.651824026418,-34.748772301061464,A,529.239013671875,487.4020080566406,0.0047561577464476,0.0056282539617551,0.261288925822446,13.431207013564324,1.0181058261846605,108.0,0.7568169003622143,3.651616877254506,0.2786339301483888,0.010550144711332,True,False,4.739999771118164,3.7300000190734863,53.7599983215332,4.130695516604109e+20,False,0.0020938285854862,True
9,38758,J040930-753342-38758,J040930-753342,SB38758_component_4a,62.377539,-75.561866,289.40115207097534,-35.84857311219919,A,422.1289978027344,487.2369995117188,0.0026000205742581,0.010046790454988,0.2157346673632986,6.731376380253171,1.0279037854002695,41.0,0.8121691180369711,2.813478752272844,0.2080466870618162,0.017382421753784,True,False,4.989999771118164,4.445000171661377,59.90999984741211,3.490458891505791e+20,False,0.0003751833294159,True
11,38758,J043704-714819-38758,J043704-714819,SB38758_component_5a,69.267886,-71.805502,284.1930174663911,-35.93982866730022,A,421.1919860839844,469.3259887695313,0.0022197937913716,0.0113040843557211,0.4302473848497048,15.3893915244441,1.0262515776871892,49.0,0.5960041928374844,1.577686387298716,0.5175075769793104,0.0295884156746121,True,False,4.994999885559082,4.28000020980835,53.79999923706055,9.550345859871711e+19,False,0.0022603642865917,True
12,38758,J040541-710449-38758,J040541-710449,SB38758_component_6a,61.422521,-71.080453,284.84018703073605,-38.4860048574138,A,309.2829895019531,279.7850036621094,0.0025595444689005,0.0146630849391123,0.3610876173967613,6.531396645993313,1.047944310248068,77.0,0.6868566928513066,7.010924261551234,0.3756296069891884,0.0275782053786451,True,False,4.619999885559082,3.759999990463257,65.9800033569336,1.0989657520692149e+20,False,0.0024145336402652,True
16,38758,J042349-724413-38758,J042349-724413,SB38758_component_7a,65.954566,-72.737084,285.7752930975382,-36.44410262426733,A,343.75,397.5899963378906,0.0021004947491569,0.0119860354796297,0.3459501373662969,8.717705197610151,1.035599982746068,94.0,0.6896498453797711,0.6120318553583638,0.3715712806616467,0.0254638539144347,True,False,5.09499979019165,4.360000133514404,56.15999984741211,1.7855633164097733e+20,False,0.0022858334872773,True
21,38758,J040400-710907-38758,J040400-710907,SB38758_component_8b,61.002753,-71.151987,285.00937119599485,-38.56382118444266,A,112.9260025024414,80.98200225830078,0.0025122126056131,0.0139462247446261,0.3000027183353585,5.314686731486416,1.0475087254668516,86.0,0.7475060071314931,7.115412628644059,0.2910129374532746,0.0240873561042044,True,False,4.385000228881836,3.140000104904175,84.94000244140625,1.2197740862665862e+20,False,0.0007106943166529,True
26,38758,J032834-745053-38758,J032834-745053,SB38758_component_10a,52.142054,-74.848222,290.7531805246976,-38.32998579980193,A,248.61599731445312,270.81201171875,0.0014459602293422,0.0294421757799653,0.7928462057682523,6.910827211350594,1.100222920383176,114.0,0.3073767146149236,1.2413909462171142,1.1796812002102657,0.1268210664177327,True,False,5.03000020980835,4.159999847412109,37.619998931884766,3.828455358174872e+20,False,0.0029563382338109,True
28,38758,J040659-733405-38758,J040659-733405,SB38758_component_11a,61.748581,-73.568218,287.4379457407786,-37.07738547416566,A,213.1219940185547,226.6840057373047,0.0013683769183244,0.0164952409762101,0.41093944831682,3.4484374119503585,1.09237838149928,264.0,0.68143893318246,4.580108719891999,0.3835486383425341,0.0335835485532855,True,False,4.965000152587891,4.114999771118164,47.13999938964844,2.974114829494739e+20,False,0.0141191372875003,True
35,38758,J044848-741731-38758,J044848-741731,SB38758_component_13a,72.201831,-74.292009,286.58073578965895,-34.18155612612472,B,215.89599609375,280.9859924316406,0.0010062749944797,0.0185045398669193,0.1669690037917733,1.818403756975435,1.059242400375933,102.0,0.8922733965841599,5.893833775930587,0.1139826949504354,0.027019629423006,True,False,5.824999809265137,4.289999961853027,49.02000045776367,4.010016625490512e+20,False,0.0017360353552511,True
36,38758,J040749-721622-38758,J040749-721622,SB38758_component_14a,61.955598,-72.272869,286.01854204582816,-37.71779837900491,A,204.45199584960935,251.8650054931641,0.0010926417048833,0.0187905782573037,0.9642283079437468,17.39401221380857,1.0524207713214353,73.0,0.0881924633776883,6.687394831103957,2.428233768852943,0.2545423976903649,True,False,5.264999866485596,4.489999771118164,44.09000015258789,1.1613186977460463e+20,False,0.0032128654436055,True
39,38758,J040914-714206-38758,J040914-714206,SB38758_component_16a,62.309934,-71.701774,285.32905960663,-37.92153259445245,A,123.1709976196289,101.75399780273438,0.0014582165238651,0.0205835390268221,0.2043150769938891,3.173350549886559,1.0489570848534262,51.0,0.844642007859537,6.288008554961881,0.1688424007317616,0.0324427325129314,True,False,4.46999979019165,3.5450000762939453,61.20000076293945,1.0552676241526456e+20,False,0.0008885479493222,True
47,38758,J040828-741614-38758,J040828-741614,SB38758_component_18c,62.119987,-74.270564,288.105694695147,-36.61014912750566,A,54.97999954223633,45.64799880981445,0.0011370637139629,0.0205025879248049,0.8467798790646566,10.714829801369993,1.0722827299604156,74.0,0.225502850895759,5.946345296495579,1.4894224775660654,0.1252867731748843,True,False,4.195000171661377,3.799999952316284,70.38999938964844,2.6829900496762156e+20,False,0.0052186017527403,True
51,38758,J034610-725052-38758,J034610-725052,SB38758_component_20a,56.545588,-72.847877,287.7980842020585,-38.71906592084633,B,114.70500183105467,125.14299774169922,0.0007937534945795,0.0380821995381584,0.2027640182828763,1.0981939819560178,1.096637403417701,53.0,0.8938733851348247,189.5454296478245,0.1121911412046932,0.0417293858761299,False,False,5.090000152587891,4.114999771118164,42.869998931884766,2.668838008333997e+20,False,0.0003198963999687,False
52,38758,J034609-725056-38758,J034609-725056,SB38758_component_20b,56.541443,-72.84909,287.8002739305782,-38.71928191139238,B,57.28799819946289,61.65800094604492,0.0007870835521849,0.0411649920064345,0.2267545081315418,1.3377996295800727,1.0969948430406211,53.0,0.8702403349090795,189.5467357803516,0.1389858584607602,0.0462275458916411,False,False,4.880000114440918,4.235000133514404,43.130001068115234,2.668838008333997e+20,False,0.0008659770891807,False
53,38758,J043443-744229-38758,J043443-744229,SB38758_component_21a,68.681372,-74.708127,287.5095628479113,-34.86877509400631,A,131.31500244140625,151.9770050048828,0.0007476634253668,0.0291946117010877,0.4305277847351296,4.401391016621085,1.0797068354078263,81.0,0.6491790506726969,3.5668170852756886,0.4320467133129301,0.062439132817172,True,False,5.324999809265137,4.170000076293945,49.650001525878906,3.443959602525982e+20,False,0.0015681116655207,True
55,38758,J043744-722749-38758,J043744-722749,SB38758_component_22a,69.435758,-72.46371,284.9095796733832,-35.626805556136965,A,124.98899841308594,129.98800659179688,0.0007884672590213,0.0291082618951941,0.4701996840470368,3.818112499169552,1.09759001769429,142.0,0.6273903336472533,1.9958257552220893,0.4661863903457573,0.0688008550029343,True,False,4.84499979019165,4.119999885559082,59.630001068115234,1.2908765071721189e+20,False,0.0018603934776789,True
64,38758,J043209-735432-38758,J043209-735432,SB38758_component_26a,68.039527,-73.909135,286.7274945771609,-35.37802919497322,A,112.2310028076172,121.74700164794922,0.0006546431196933,0.034043949463163,0.8326199205133888,4.577399136322021,1.1492846217677106,136.0,0.3166647012543218,5.054931664721211,1.149911789640221,0.145263136267564,True,False,4.929999828338623,4.224999904632568,50.709999084472656,1.763675046174602e+20,False,0.0140833375182314,True
68,38758,J040748-705711-38758,J040748-705711,SB38758_component_27a,61.952593,-70.953109,284.5870660122434,-38.40448031762018,B,102.52899932861328,100.46099853515624,0.0007913823955743,0.0443171260149531,0.3934793750976348,1.6863542404594511,1.146473376136104,74.0,0.752994001038469,2.9479973104448,0.2836980179623593,0.0753964559765125,False,False,4.755000114440918,3.954999923706055,56.970001220703125,1.417914920139356e+20,False,0.0004670176426023,False
71,38758,J043453-723955-38758,J043453-723955,SB38758_component_28b,68.720778,-72.665431,285.2446842555679,-35.7385888691609,B,53.0629997253418,62.77299880981445,0.0005149267448492,0.0486798373081131,0.4797934096403994,1.9022513653253468,1.1653176617893033,77.0,0.6855242521489039,1.2294727895636024,0.3775714018325639,0.1017135385243737,True,False,5.135000228881836,4.420000076293945,64.33999633789062,1.383153968118167e+20,False,0.0022466620045553,True
72,38758,J043455-723957-38758,J043455-723957,SB38758_component_28c,68.730397,-72.666044,285.2438869730297,-35.735730448440634,A,38.72200012207031,75.4990005493164,0.0004215638235597,0.0252503262441335,0.4380612478935689,3.286829937813736,1.1021876897960123,141.0,0.6641264419024434,1.228834415221907,0.4092827230822842,0.0557410104814003,True,False,6.579999923706055,5.690000057220459,130.72999572753906,1.383153968118167e+20,False,0.0045695824815808,True
73,38758,J044611-720510-38758,J044611-720510,SB38758_component_29a,71.547647,-72.086361,284.177787818625,-35.17968060925103,A,118.99700164794922,226.56300354003903,0.0005436208782002,0.0304896242530781,0.8912262294157143,10.221062624331102,1.0794244056247606,67.0,0.1881981762090463,2.499681247398694,1.6702597425842618,0.2279290573363965,True,False,7.300000190734863,5.010000228881836,111.37999725341795,1.901879382946338e+20,False,0.0037979377208401,True
74,38758,J035201-724532-38758,J035201-724532,SB38758_component_30a,58.005238,-72.759147,287.37407921102545,-38.42887696849284,B,115.89700317382812,127.37000274658205,0.0006472648095861,0.0350683394642528,0.2090548543258149,1.283259924595031,1.0915598141385037,82.0,0.8825049598126887,4.597865428520483,0.1249908700061285,0.0502556587723091,False,False,5.034999847412109,4.190000057220459,46.93000030517578,1.706423358629534e+20,False,0.004209213383521,False
75,38758,J035156-724538-38758,J035156-724538,SB38758_component_30b,57.986477,-72.760694,287.3798779966769,-38.43243725078121,B,16.232999801635742,19.79599952697754,0.000110767326011,0.1640065201198492,1.27072329099057,0.73146507798375,1.7339006181229466,88.0,0.4631773271323764,6.555793094673732,0.7696453022538808,0.3603975424740167,False,False,5.389999866485596,4.34499979019165,52.4900016784668,1.706423358629534e+20,False,-0.0044976453436453,False
79,38758,J045845-725024-38758,J045845-725024,SB38758_component_32a,74.688694,-72.840078,284.6409381012849,-34.0316603355236,B,106.55999755859376,110.8040008544922,0.0006129650360756,0.0528553359795993,0.5307967363481773,1.5295813043904989,1.209835807778502,134.0,0.6790390714303248,4.679628649149701,0.3870766104717001,0.1041196013784644,False,False,4.885000228881836,4.085000038146973,61.970001220703125,2.5574379093764365e+20,False,0.0017852566278874,False
82,38758,J040131-705454-38758,J040131-705454,SB38758_component_33b,60.380977,-70.915056,284.89102676201657,-38.86122006784503,A,55.07400131225586,50.35900115966797,0.0006687691085262,0.0486637190966643,0.6362583727881591,3.488631467282345,1.14174885539743,82.0,0.5054904826092709,8.042251869438914,0.682226068375865,0.1195925115059503,True,False,4.494999885559082,3.910000085830689,59.65999984741211,9.93789883721528e+19,False,0.0025079179552558,True
87,38758,J043620-724610-38758,J043620-724610,SB38758_component_36a,69.084391,-72.769613,285.3056904255938,-35.59693308839922,A,98.6439971923828,109.69400024414062,0.0005381194762488,0.0464493980888459,0.5896307957859512,4.358411503450176,1.11003835659249,52.0,0.5204075608065388,2.236537282018311,0.6531430036127828,0.1254696852774155,True,False,5.03000020980835,4.244999885559082,53.88999938964844,1.1690388165009334e+20,False,0.0029174991975632,True
88,38758,J040958-750018-38758,J040958-750018,SB38758_component_37a,62.493989,-75.005148,288.80503446634003,-36.128143050136806,A,95.6060028076172,110.822998046875,0.000669858621422,0.029874895492673,0.4024341568174869,3.822942089686896,1.0834416315464432,38.0,0.6810074747289563,0.4978395353933447,0.3841819967857306,0.0570094181553572,True,False,5.159999847412109,4.315000057220459,30.8799991607666,2.7323103129809047e+20,False,-0.0066018161550318,True
90,38758,J043253-713324-38758,J043253-713324,SB38758_component_38b,68.223258,-71.556863,284.0785146689201,-36.34115724485751,B,55.93000030517578,68.35199737548828,0.0003543696997129,0.0479989900452688,0.8464091840598249,2.914765025010856,1.2162094477324288,143.0,0.3698002636726039,0.5563601030632271,0.9947922470152945,0.1819808726521287,True,False,5.025000095367432,4.670000076293945,61.4900016784668,1.1098445411773176e+20,False,0.0042719800549056,True
91,38758,J043251-713317-38758,J043251-713317,SB38758_component_38c,68.215378,-71.554803,284.07747951212207,-36.34428195358516,A,33.08399963378906,47.25600051879883,0.0004186043295748,0.056362809420742,0.707834597767275,3.7253157994356343,1.1497962523164726,71.0,0.4419616545491976,1.533104345255546,0.8165321550814006,0.1829988567831056,True,False,5.755000114440918,4.764999866485596,97.04000091552734,1.1098445411773176e+20,False,0.0054806092222167,True
96,38758,J044953-732749-38758,J044953-732749,SB38758_component_42a,72.470811,-73.463728,285.6165181808759,-34.42066876281584,B,86.43299865722656,97.1060028076172,0.0004774474418809,0.0579571996681987,0.4362173691525564,2.0311487816289344,1.1439115663989723,65.0,0.7076941972464159,3.347922492114449,0.3457432033879972,0.1129897121697134,True,False,5.005000114440918,4.309999942779541,59.09000015258789,2.2761264730312625e+20,False,0.0006845903914547,True
97,38758,J040329-742124-38758,J040329-742124,SB38758_component_43a,60.874398,-74.356923,288.42769201057695,-36.84308987168224,A,79.94000244140625,90.1790008544922,0.0004455457846477,0.0457435627302895,0.7246552054246944,3.793755448473344,1.151166494247318,39.0,0.4265112888226235,5.173005636771952,0.8521164438833998,0.1545117421233967,True,False,5.074999809265137,4.264999866485596,42.400001525878906,2.935814431696735e+20,False,-0.0027455828942567,True
102,38758,J045633-730709-38758,J045633-730709,SB38758_component_46a,74.139336,-73.119199,285.02290263508195,-34.09195216010278,B,79.99800109863281,83.6709976196289,0.0003809464052631,0.0671508970334191,0.5546217063413174,1.279942356690233,1.2432612845293405,111.0,0.6886395781880229,-2.896951853655366,0.3730372534180239,0.1129432343854537,True,False,4.894999980926514,4.099999904632568,61.459999084472656,2.4511892862212404e+20,False,0.0019490612962233,True
106,38758,J042656-721156-38758,J042656-721156,SB38758_component_48a,66.736431,-72.198904,285.04626861564907,-36.48060895502281,B,77.78500366210938,84.36000061035156,0.0004413530692634,0.0510558317862383,0.5877706094813359,2.8030028298800485,1.1545543444941049,75.0,0.5667837350127688,0.1722881905222166,0.5677774677439587,0.12571106010232,True,False,4.960000038146973,4.199999809265137,54.040000915527344,1.4558726507398336e+20,False,0.0015051329357749,True
107,38758,J042347-735736-38758,J042347-735736,SB38758_component_49a,65.94914,-73.960206,287.1114436583337,-35.86773004597601,B,76.9020004272461,103.43000030517578,0.0003650382515355,0.0429491285616074,0.5025067804357266,1.6214855404293056,1.1916877940716903,119.0,0.6891810136359637,6.287937775368584,0.37225132311763,0.0822650880177793,True,False,5.835000038146973,4.425000190734863,50.810001373291016,1.6125247636312352e+20,False,0.007221294812956,True
109,38758,J043853-750132-38758,J043853-750132,SB38758_component_50a,69.722264,-75.025812,287.7140410788744,-34.48605032802656,B,77.25800323486328,84.85299682617188,0.000382225885249,0.0579587205872476,0.4920512533086043,1.802577292731584,1.1755709841026427,108.0,0.6835197307940384,2.7051668345734217,0.3804997559428488,0.1135634348849302,True,False,5.03000020980835,4.190000057220459,53.290000915527344,3.264958408710635e+20,False,0.0023855426735702,True
112,38758,J042027-714841-38758,J042027-714841,SB38758_component_51a,65.115971,-71.811452,284.9035955334697,-37.103210571749926,B,77.2699966430664,107.43599700927734,0.0003647381695705,0.0520339753659973,0.4057122772469269,1.405702911000886,1.1686460432797712,102.0,0.7629337660328442,5.98558555202253,0.2705840587620548,0.0877459282668304,False,False,5.954999923706055,4.480000019073486,74.11000061035156,1.153278605420816e+20,False,0.0018287994132761,False
113,38758,J045047-743538-38758,J045047-743538,SB38758_component_52a,72.696332,-74.593941,286.85818013076096,-33.94507358608492,B,41.70899963378906,67.16200256347656,0.0003263264325363,0.0547106978850283,0.5453987731007194,1.797762996330463,1.1949410203137516,98.0,0.6495422472130322,4.1076533933995965,0.431487399239318,0.1129006275395632,True,False,6.260000228881836,4.934999942779541,101.87999725341795,4.463399342940156e+20,False,0.0040020430061903,True
119,38758,J042650-743137-38758,J042650-743137,SB38758_component_55b,66.712178,-74.526975,287.6040438963152,-35.41618938806093,A,34.30799865722656,37.512001037597656,0.0003745953469727,0.056813504093243,0.7710508130893148,3.592996393506401,1.167875336061537,70.0,0.3968245229722223,3.6437845443344266,0.9242611036357564,0.1953997552298054,True,False,4.929999828338623,4.255000114440918,76.9800033569336,2.3793392408592463e+20,False,0.004584865208584,True
121,38758,J041623-722741-38758,J041623-722741,SB38758_component_57a,64.096576,-72.461665,285.80661856543776,-37.0637086637388,B,67.68900299072266,74.69599914550781,0.0003848308715089,0.0619341340398517,0.3987032156917586,1.6162303065893038,1.1523960695232276,82.0,0.753692853831469,4.571620769426255,0.2827703496272189,0.1058729433752814,False,False,5.0,4.235000133514404,46.52999877929688,1.4104953811805428e+20,False,0.005371318162451,False
122,38758,J043816-731000-38758,J043816-731000,SB38758_component_58a,69.567624,-73.166848,285.6779881352065,-35.30393458071625,B,66.10399627685547,72.11900329589844,0.0004375280967484,0.0559479065571749,0.6519548340372469,2.5620899539193203,1.1830259320991907,81.0,0.5310710980619439,1.4732496895023215,0.632859372048026,0.1394551118800196,True,False,4.980000019073486,4.204999923706055,56.650001525878906,1.2768686050875403e+20,False,0.0041434821124599,True
123,38758,J043816-731011-38758,J043816-731011,SB38758_component_58b,69.567296,-73.169947,285.6814974574983,-35.302746941004685,B,64.99400329589844,73.16699981689453,0.0003900099936134,0.046348357905907,0.5224943117711539,2.527048979583113,1.1481392276647406,98.0,0.6256449158935867,4.4068526910470975,0.4689722958231875,0.1013805498888296,True,False,5.054999828338623,4.275000095367432,47.709999084472656,1.2768686050875403e+20,False,0.0034544725260051,True
125,38758,J034828-732032-38758,J034828-732032,SB38758_component_60a,57.118973,-73.342375,288.1662655202441,-38.2839790021714,A,65.06300354003906,73.41600036621094,0.0003410871910845,0.0739571470976316,0.8329494809519498,3.4380633422066884,1.1876830988486504,59.0,0.3547336178967006,6.041167517919268,1.0363881432987656,0.2475677036751189,True,False,5.114999771118164,4.235000133514404,39.16999816894531,2.988292275032535e+20,False,-0.0008295478388369,True
129,38758,J050036-720626-38758,J050036-720626,SB38758_component_61a,75.151693,-72.107408,283.74826041708934,-34.12957678151822,B,67.89099884033203,76.52899932861328,0.0003491957565817,0.0770230784723433,0.7546757397830434,1.5409224641293713,1.2970085669424891,95.0,0.542332827159446,3.1502606087178573,0.6118753937578043,0.1715268084189856,True,False,5.050000190734863,4.284999847412109,51.59999847412109,2.4666799685919333e+20,False,0.0023537227822441,True
130,38758,J050036-720607-38758,J050036-720607,SB38758_component_61b,75.151386,-72.102171,283.7422730752287,-34.13127152891596,C,21.7810001373291,24.250999450683597,0.000119601511068,0.1995518300358696,1.6345198001692889,0.9069524446320776,1.8571371587006975,127.0,0.2226173585314091,1.1923110547729594,1.5023008623570984,0.7669351608471799,False,False,5.090000152587891,4.199999809265137,56.93000030517578,2.4666799685919333e+20,False,-0.0022821344063458,False
131,38758,J034038-733129-38758,J034038-733129,SB38758_component_62a,55.160182,-73.524768,288.7947309231577,-38.604723430312525,B,64.28800201416016,70.05699920654297,0.0003914107107514,0.0930312684893322,0.5236959737712737,1.218117755167395,1.2360992659435035,67.0,0.7124032921722298,263.4201197959346,0.3391111063361099,0.1236951652198799,False,False,4.954999923706055,4.21999979019165,37.880001068115234,3.47881095276711e+20,False,0.0015755311210214,False
136,38758,J042535-743245-38758,J042535-743245,SB38758_component_64a,66.396547,-74.546016,287.67360881359787,-35.4812517376451,A,65.57599639892578,125.93399810791016,0.0002786933007705,0.0339609256343178,0.5644918112879193,3.7776819451968,1.1181518187612771,102.0,0.5536600074733581,4.66617124116642,0.5912044855505378,0.0859270602235223,True,False,7.099999904632568,5.195000171661377,156.77000427246094,2.556161724204541e+20,False,0.0003458403466204,True
137,38758,J041602-721632-38758,J041602-721632,SB38758_component_65a,64.011621,-72.275736,285.61972178182305,-37.17782830271968,B,42.80099868774414,57.6349983215332,0.0003090040787888,0.0713212523471623,0.5498027637776269,2.3077398176894866,1.166217052755278,88.0,0.616414288977651,-0.4205279910974059,0.4838359944653866,0.1492366977591224,False,False,6.15500020980835,4.199999809265137,31.479999542236328,1.2580649118520238e+20,False,0.003615428958591,False
139,38758,J043207-724940-38758,J043207-724940,SB38758_component_66a,68.032757,-72.82781,285.53306356894245,-35.853900843631074,A,52.68399810791016,66.18800354003906,0.0003537565718899,0.0508970164792536,0.797728047682485,4.207118751569483,1.1531995112348918,72.0,0.3554714635524069,5.320324975189564,1.0343103042620012,0.1840820455394777,True,False,5.380000114440918,4.485000133514404,52.0,1.421149874481025e+20,False,0.0040458698990473,True
140,38758,J043208-724929-38758,J043208-724929,SB38758_component_66b,68.037166,-72.824951,285.5291885142027,-35.853965284422344,A,33.15999984741211,62.31100082397461,0.0001942735895082,0.0601321298121077,0.8087869904029914,3.3796294150763115,1.1846701886736914,94.0,0.3758831982707001,5.317961078756954,0.978476826748816,0.2036328017351041,True,False,7.005000114440918,5.150000095367432,21.540000915527344,1.421149874481025e+20,False,0.006675030814613,True
141,38758,J035644-720927-38758,J035644-720927,SB38758_component_67a,59.187112,-72.157727,286.48469300150833,-38.488273590311685,A,60.26800155639648,66.83100128173828,0.00032808435536,0.0798582074818235,1.0073601017986171,4.060586085808762,1.199059967505251,62.0,0.1916998657066338,7.981707208079009,1.6518243294699917,0.4203017296212143,True,False,4.974999904632568,4.28000020980835,38.29999923706055,7.437202184890724e+19,False,0.0020244772181003,True
143,38758,J041158-732747-38758,J041158-732747,SB38758_component_69a,62.993843,-73.463058,287.09145835499345,-36.83398005600061,B,58.66699981689453,63.71799850463867,0.0003271999944778,0.0631696625062814,0.4967617894557776,0.961117685134828,1.253305445777786,85.0,0.7565436563220085,-0.5255776658871618,0.2789950391279616,0.1068973290625876,False,False,4.989999771118164,4.179999828338623,48.18000030517578,1.4944429206987178e+20,False,0.0048187085814264,False
145,38758,J042844-725433-38758,J042844-725433,SB38758_component_70b,67.185224,-72.909376,285.75934106123634,-36.042108947126856,B,26.802000045776367,41.40599822998047,0.0002164655545529,0.056451899138363,0.5740063515268352,1.8994164991189049,1.1979730582692305,75.0,0.6239667067423953,0.5821013801900845,0.4716582666156103,0.1238309676645649,True,False,6.005000114440918,4.940000057220459,33.91999816894531,1.4932074174320086e+20,False,0.0040265257659914,True
149,38758,J035319-720824-38758,J035319-720824,SB38758_component_73a,58.332282,-72.140132,286.65924550911046,-38.712696837097695,B,53.47499847412109,63.5099983215332,0.0003910847760668,0.0591427907498116,0.3907344684550393,1.0462670203230937,1.190949892938872,95.0,0.8002154244838326,345.21796647290296,0.2228743069589336,0.0713048772765064,False,True,5.304999828338623,4.295000076293945,50.2400016784668,3.636308746858456e+19,False,0.000683026608738,False
150,38758,J035322-720823-38758,J035322-720823,SB38758_component_73b,58.343928,-72.139747,286.65618037212136,-38.71001632094395,B,52.89599990844727,63.435001373291016,0.0003968602807329,0.0580693157729466,0.3734245742004112,1.207293751374534,1.1691775614223847,82.0,0.7957529872219735,253.36257782673533,0.2284664588565461,0.07090725504238,False,False,5.289999961853027,4.355000019073486,43.04999923706055,3.636308746858456e+19,False,0.0010879252220338,False
151,38758,J035037-724918-38758,J035037-724918,SB38758_component_74a,57.655247,-72.821735,287.5170413212348,-38.47476132901958,B,48.165000915527344,55.34000015258789,0.0003213670632515,0.053058754415295,0.5315619778213047,1.2999912777290654,1.231114779855231,137.0,0.6995528020339264,6.63913229386686,0.3573140023303031,0.0875160056942613,False,False,4.909999847412109,4.494999885559082,36.220001220703125,1.7914482750180632e+20,False,0.0026000994789228,False
152,38758,J035027-724810-38758,J035027-724810,SB38758_component_74b,57.616213,-72.802779,287.506473755354,-38.49535145663198,B,31.738000869750977,36.1879997253418,0.0002222592119346,0.0852215887415905,0.6085793785588561,1.0475524018242008,1.297222858871237,166.0,0.6886434803123805,3.702240882384504,0.3730315870093165,0.1494005104527999,False,False,4.889999866485596,4.474999904632568,33.91999816894531,1.7914482750180632e+20,False,0.0025719843440569,False
156,38758,J041820-733133-38758,J041820-733133,SB38758_component_75a,64.586821,-73.525948,286.8720599525435,-36.41236076878897,B,52.89899826049805,71.93399810791016,0.0002187853551288,0.0682290332833315,0.623786744228542,1.7088861471018768,1.230274256781115,98.0,0.6064875125525727,2.254834729209557,0.5000711401709643,0.1449351097979414,True,False,5.385000228881836,4.849999904632568,91.3499984741211,1.2948366048827128e+20,False,0.0010404973238427,True
158,38758,J040626-711856-38758,J040626-711856,SB38758_component_76a,61.610365,-71.315737,285.05577747820035,-38.31143006251157,B,51.652000427246094,52.91400146484375,0.0002931862730226,0.1063127675810979,0.902330442166722,2.1927921891999174,1.2826148363864662,61.0,0.3802843942197442,7.1269194491324015,0.9668359003362732,0.3132729171795887,False,False,4.804999828338623,4.09499979019165,48.02999877929688,1.0277016969207089e+20,False,0.0015865444484052,False
160,38758,J034834-714020-38758,J034834-714020,SB38758_component_77a,57.143146,-71.672257,286.4527715995975,-39.28674084392024,B,52.26499938964844,56.86600112915039,0.0002877590027864,0.1177932871116665,0.8012732728201785,0.7534179473440213,1.456977912216481,88.0,0.6557046393963025,158.24368337357245,0.4220448362513926,0.165212546616817,False,False,5.0,4.179999828338623,44.13999938964844,4.441811437599977e+19,False,0.0015762449315112,False
162,38758,J044034-742118-38758,J044034-742118,SB38758_component_79a,70.143542,-74.355267,286.91833868588765,-34.66707611921976,A,40.35599899291992,166.0709991455078,8.356967204812596e-05,0.0504646330244356,0.7143807402401376,3.7973280270141103,1.148912214511371,82.0,0.4345314742712334,5.145768558397584,0.8334868989917116,0.1489213610659543,True,False,16.510000228881836,4.784999847412109,69.87000274658203,2.631586153794963e+20,False,0.0011194407885137,True
165,38758,J040620-710901-38758,J040620-710901,SB38758_component_82a,61.58336,-71.150551,284.8818335607402,-38.40501235459756,B,48.45000076293945,53.54600143432617,0.0003437233791351,0.0937010629878936,0.7063920971113918,1.7083442130715327,1.2608206496434486,70.0,0.5544285525320568,8.007412845371626,0.5898173307514105,0.1913652628109245,False,False,5.085000038146973,4.175000190734863,54.040000915527344,1.0690798557389944e+20,False,0.0049733476954106,False
167,38758,J042501-724714-38758,J042501-724714,SB38758_component_83a,66.256025,-72.787396,285.7791649518258,-36.34162313361151,B,49.14899826049805,82.072998046875,0.000205977225361,0.0703520055621445,0.6754741588504555,2.11444230104842,1.216884467123719,63.0,0.5414103082732634,0.6091901437649067,0.6135778619513087,0.1761588500026053,True,False,6.144999980926514,5.21999979019165,14.720000267028809,1.5109317205563946e+20,False,0.0056746938090062,True
169,38758,J042501-724646-38758,J042501-724646,SB38758_component_83c,66.257257,-72.779611,285.7703829114147,-36.34489437353039,B,18.48600006103516,38.69200134277344,0.0001194526638555,0.0915267077454083,0.7403599392171697,1.9858243004489289,1.247958307227205,77.0,0.5075983680100352,5.489851001739996,0.6780647582573266,0.2180047147104648,True,False,7.550000190734863,5.324999809265137,22.670000076293945,1.5109317205563946e+20,False,0.0026605276434551,True
170,38758,J041334-743302-38758,J041334-743302,SB38758_component_84a,63.394631,-74.550815,288.1729585705992,-36.17090641728382,A,48.303001403808594,48.65599822998047,0.000358848017108,0.0655619606565648,0.8872713766305919,4.094648579157469,1.1741575229075614,46.0,0.2868861462769695,4.996252913050354,1.248669844797617,0.2880246172906704,True,False,4.775000095367432,4.050000190734863,48.720001220703125,3.0553610847439035e+20,False,-0.0115902488084307,True
173,38758,J041755-753016-38758,J041755-753016,SB38758_component_86a,64.482455,-75.504631,288.9964930385321,-35.43431042275151,B,46.45500183105469,62.60100173950195,0.000281249071477,0.065217177681758,0.8647469960173211,1.854377504560013,1.3029546703741337,258.0,0.4382076743568127,3.530594994770101,0.8250623386085126,0.2011626725833203,True,False,5.300000190734863,4.880000114440918,93.5199966430664,2.9303647909851808e+20,False,0.0275347811015636,True
174,38758,J041752-753009-38758,J041752-753009,SB38758_component_86b,64.469338,-75.50265,288.9964929046667,-35.43814516626387,B,42.14599990844727,57.867000579833984,0.0003353492396765,0.0509137086066992,0.6277767090953862,2.855965273447828,1.1628066293589976,69.0,0.5350299202636114,4.507843709350884,0.6254326079235392,0.1267859026430592,True,False,5.559999942779541,4.744999885559082,112.36000061035156,2.9303647909851808e+20,False,-0.0021894537510723,True
177,38758,J040440-724023-38758,J040440-724023,SB38758_component_87a,61.167751,-72.67309,286.60641057142635,-37.70445401690321,A,27.024999618530277,29.724000930786133,0.0002937992311028,0.0617227374268723,0.9911250116065866,4.32676040446526,1.1860652509874026,89.0,0.1949402393808159,6.061118831928252,1.635062232102062,0.3578534785008571,True,False,4.980000019073486,4.239999771118164,49.93000030517578,1.0400173418592902e+20,False,0.0009935619638533,True
180,38758,J041714-712154-38758,J041714-712154,SB38758_component_89a,64.31196,-71.365189,284.5613188867607,-37.53856869771054,B,45.99800109863281,48.80400085449219,0.0002653538829291,0.1073547395432692,1.0223985550346284,2.566411012285597,1.2866743489498722,67.0,0.2642757939152439,5.807962661462603,1.3307620472065085,0.4478956850137511,True,False,4.920000076293945,4.139999866485596,46.59000015258789,1.609791573175197e+20,False,0.0032962589229267,True
183,38758,J040729-752506-38758,J040729-752506,SB38758_component_92a,61.872115,-75.418465,289.34016778552984,-36.03340069303254,B,47.805999755859375,79.31500244140625,0.0002542239514097,0.0518301117449985,0.3889635372180655,1.37313272645109,1.1639029848110276,84.0,0.7749394475929621,0.8254259319462726,0.254970384819378,0.0847061630119548,False,False,8.104999542236328,3.930000066757202,31.71999931335449,3.845546719230168e+20,False,0.0016374835279221,False
184,38758,J044859-743533-38758,J044859-743533,SB38758_component_93a,72.249042,-74.592637,286.910817384354,-34.055609481081,B,41.584999084472656,110.30599975585938,0.0001254255664495,0.0776105893546933,0.7917491347905266,2.3829118118651924,1.2340436815448612,107.0,0.4422945467543346,4.141768071130311,0.8157792234754413,0.2228446350285182,True,False,11.114999771118164,4.579999923706055,53.220001220703125,4.334321347447021e+20,False,0.0040564437834445,True
185,38758,J044008-715718-38758,J044008-715718,SB38758_component_94a,70.03595,-71.955047,284.24557436089856,-35.661253393149586,B,42.95500183105469,87.16000366210938,0.0001865464718121,0.0709013377419858,0.6682982109942305,2.019284097181888,1.221343268630468,75.0,0.5530450576362375,4.524187302508261,0.5923158022324572,0.1770619202534039,True,False,6.974999904632568,5.585000038146973,101.70999908447266,1.124513714011032e+20,False,0.0006262742061486,True
190,38758,J044330-750608-38758,J044330-750608,SB38758_component_97a,70.876124,-75.102459,287.64776411013406,-34.183860147019274,B,41.80500030517578,45.4739990234375,0.000265040827488,0.1021517327234163,1.3008333783464556,2.72340305320384,1.3493667915503105,108.0,0.0485334132038548,3.6315754533259312,3.0255027862051933,1.4063941290105213,True,False,4.980000019073486,4.195000171661377,55.0,2.6672045213853512e+20,False,0.0064034414960269,True
192,38758,J044346-761015-38758,J044346-761015,SB38758_component_99a,70.942991,-76.170937,288.8122681504682,-33.726771204522734,B,41.70100021362305,49.34600067138672,0.0001973413847248,0.1301467322103022,1.11671193839,1.8600349445914424,1.3904539489986976,83.0,0.2737420106086977,5.332042721796082,1.2955691832683751,0.4976708215480436,True,False,5.135000228881836,4.425000190734863,45.18000030517578,1.615923824312819e+20,False,0.0069027802024464,True
193,38758,J044115-744900-38758,J044115-744900,SB38758_component_100a,70.314115,-74.816638,287.4052890717944,-34.43455327527613,B,41.28400039672852,46.76599884033203,0.0002209330274881,0.0767600678878852,0.9535279288679508,2.3796548567164715,1.2821376647301663,84.0,0.3286097358622156,3.487424689841224,1.1128844455092497,0.2885708508555248,True,False,5.130000114440918,4.239999771118164,53.290000915527344,3.966727721054894e+20,False,0.0024679276299077,True
196,38758,J043508-760432-38758,J043508-760432,SB38758_component_102a,68.786444,-76.075605,288.98045031761694,-34.23383642624867,B,38.33300018310547,41.83599853515625,0.0002017979242692,0.1111251300793756,1.3322574404284635,2.342522415548658,1.3985784610541738,89.0,0.0663210206257101,3.494407461252384,2.7132483788629265,1.2518289389365045,True,False,4.989999771118164,4.199999809265137,52.310001373291016,1.081049730001194e+20,False,0.0092368487321254,True
198,38758,J045117-722103-38758,J045117-722103,SB38758_component_103a,72.822784,-72.351005,284.3094108703261,-34.721399111419544,B,34.0620002746582,36.40999984741211,0.0002505114374266,0.09198942025752,0.9876930278528842,2.0062260448619105,1.328549155357429,120.0,0.3408561275045446,2.5540080427666254,1.076294804205563,0.3410412299801134,False,False,4.965000152587891,4.135000228881836,68.52999877929688,1.72424723692663e+20,False,0.0034917818644868,False
199,38758,J045122-722110-38758,J045122-722110,SB38758_component_103b,72.845577,-72.352849,284.3085874465306,-34.71427925735604,B,31.209999084472656,38.35200119018555,0.0001605232134862,0.1333677187570228,1.009134458190826,1.5352049739002505,1.3980484688929655,62.0,0.3889140107021399,2.553096655223955,0.944397011978914,0.4163527708679929,False,False,5.230000019073486,4.510000228881836,68.62000274658203,1.72424723692663e+20,False,-0.0008813740072389,False
201,38758,J033822-725504-38758,J033822-725504,SB38758_component_104a,54.594249,-72.91787,288.3335419781323,-39.12052603847735,B,40.05500030517578,42.59000015258789,0.000249770688916,0.1571831330918065,1.1480005536679834,1.1191673581546542,1.5417224596492694,123.0,0.3937219059812859,0.0641672971690714,0.9321104412766162,0.3907597564275828,False,False,4.909999847412109,4.159999847412109,40.380001068115234,3.26089645295398e+20,False,-0.0006100073385944,False
204,38758,J042313-713005-38758,J042313-713005,SB38758_component_106a,65.806112,-71.501526,284.4332117300469,-37.05429094202175,B,39.54800033569336,42.88600158691406,0.0002173265790877,0.1432955407706444,0.9303936769149432,1.6082979453443813,1.3567052907339927,124.0,0.4263116138190493,3.746380949972474,0.8525847122814559,0.3936483288102329,False,False,4.974999904632568,4.184999942779541,47.5099983215332,1.585213913845826e+20,False,0.0088766754989059,False
205,38758,J034220-731451-38758,J034220-731451,SB38758_component_107a,55.586908,-73.247629,288.42181817858625,-38.68757229407739,B,39.060001373291016,50.152000427246094,0.0001999592442166,0.1159730601631967,0.717313823215604,0.8872663458379938,1.380080863942444,60.0,0.66276704072684,381.4377410734664,0.4113317219944176,0.1612546271561543,False,False,5.389999866485596,4.574999809265137,49.56999969482422,3.776842706770721e+20,False,-0.0081721806765,False
206,38758,J034224-731437-38758,J034224-731437,SB38758_component_107b,55.602184,-73.243713,288.4143625287206,-38.68664591527137,B,30.900999069213867,43.92300033569336,0.0001389780952261,0.1355360190907256,0.8443389824372818,0.9969217526313764,1.422820263901018,75.0,0.5784812814637361,-110.07866282605625,0.5473490898922406,0.2105010034245686,False,False,5.934999942779541,4.599999904632568,48.7400016784668,3.776842706770721e+20,False,0.00309143982157,False
207,38758,J035627-725014-38758,J035627-725014,SB38758_component_108a,59.112651,-72.837399,287.2110781276417,-38.117424680547394,A,39.38800048828125,48.29199981689453,0.0001845519515283,0.0826397405198705,0.909432704384001,3.0837135752446567,1.2226974756253606,89.0,0.3132647712413595,7.4186507712695455,1.1607065315168834,0.2917783653174209,True,False,5.360000133514404,4.389999866485596,51.959999084472656,1.4642086902544251e+20,False,0.0060648449298046,True
211,38758,J035754-722708-38758,J035754-722708,SB38758_component_110a,59.475007,-72.452241,286.730451156905,-38.248964582815454,B,37.01399993896485,41.33000183105469,0.0001675666048757,0.1389721461135894,0.7773581524025344,0.7608482072747823,1.44146800910547,116.0,0.6641098567029358,-0.6788439129612234,0.4093076963487518,0.2246055818082266,False,False,5.039999961853027,4.255000114440918,43.18999862670898,9.837048558753373e+19,False,0.001550888666067,False
214,38758,J043900-732647-38758,J043900-732647,SB38758_component_112a,69.752582,-73.446638,285.9634757264177,-35.14049329642246,B,36.95600128173828,40.382999420166016,0.0001945358205442,0.1358711790226749,0.8990191069059539,1.5463795912275449,1.3530577726915254,94.0,0.4540386657855715,2.6187312099718256,0.7895729176387143,0.3592796783884383,False,False,4.920000076293945,4.264999866485596,54.09999847412109,1.0961565718435829e+20,False,5.880851204506355e-06,False
215,38758,J035845-720848-38758,J035845-720848,SB38758_component_113a,59.690826,-72.146799,286.3618583282968,-38.36705702669706,B,38.104000091552734,42.35100173950195,0.0002069349842403,0.1095493415630455,1.267008054543283,2.8638661416950724,1.327911994898314,66.0,0.0609039403550311,7.902713527284446,2.798457404306316,1.1892720478340018,True,False,5.019999980926514,4.25,48.220001220703125,9.109409796938826e+19,False,0.0032124352374063,True
216,38758,J034235-723500-38758,J034235-723500,SB38758_component_114a,55.648261,-72.583088,287.7444349812981,-39.09249104463225,B,38.07699966430664,94.56400299072266,0.0001112067186734,0.1051022079546707,0.6516447759815036,1.2854185983635422,1.2851314750164846,93.0,0.633486699034981,5.822718477130999,0.4565162754398138,0.1760279181007427,False,False,10.005000114440918,4.764999866485596,162.6699981689453,2.20487235542095e+20,False,0.0006968890657813,False
217,38758,J040832-721841-38758,J040832-721841,SB38758_component_115a,62.136634,-72.311405,286.02346154118584,-37.65070165766553,A,32.138999938964844,38.18899917602539,0.0002672729619584,0.0702663061784451,1.1669164564629977,3.991466140437426,1.2337823043633298,78.0,0.0668658479003323,5.709646633178025,2.705066936958112,0.8961421335949784,True,True,5.065000057220459,4.5,67.02999877929688,1.1923247475478276e+20,False,0.0087711656555002,True
218,38758,J040835-721844-38758,J040835-721844,SB38758_component_115b,62.145653,-72.312262,286.022571433884,-37.64791831239109,A,15.77299976348877,30.475000381469727,0.0001622203147168,0.0568489583661616,1.121773406504617,4.337054086770826,1.2101858793758906,100.0,0.0884124728712736,6.686134417806141,2.425742223462732,0.6244876684304754,True,False,6.869999885559082,5.400000095367432,154.6999969482422,1.1923247475478276e+20,False,0.0065821755117429,True
220,38758,J034853-724610-38758,J034853-724610,SB38758_component_116a,57.222217,-72.769507,287.56225615491377,-38.60848488265391,B,35.79800033569336,38.244998931884766,0.0002118552347826,0.1470903849485473,0.7270733297199418,1.1788160257828737,1.3337011115744368,77.0,0.6066277818544951,381.9020901511975,0.499839885477871,0.2171256019507381,False,False,4.934999942779541,4.159999847412109,44.790000915527344,2.026916478061041e+20,False,0.0093100357107947,False
222,38758,J042549-724330-38758,J042549-724330,SB38758_component_118a,66.455595,-72.725173,285.6768112238471,-36.31770249673992,B,35.7140007019043,38.400001525878906,0.0001944611011844,0.140631849033849,0.8064288670555916,1.16466450255259,1.3725421958481991,46.0,0.5661133287926076,-0.4313913679764955,0.5689609932730377,0.2988927322062189,False,False,4.940000057220459,4.175000190734863,52.2400016784668,1.2106387444115074e+20,False,-0.0013569469811911,False
227,38758,J040203-750953-38758,J040203-750953,SB38758_component_121a,60.514745,-75.164729,289.3227033553933,-36.46111987282709,B,34.22100067138672,44.06700134277344,0.0002654898180037,0.0640186579321424,0.6294492004320469,2.08519620185272,1.2040224216709623,57.0,0.5745732212389154,2.7785767767931397,0.5541277377016626,0.1459112676984319,True,False,5.925000190734863,4.170000076293945,64.68000030517578,3.5127304946651536e+20,False,-0.0007802708994068,True
228,38758,J041012-725709-38758,J041012-725709,SB38758_component_122a,62.550668,-72.952513,286.6298638352893,-37.20977953560256,B,32.66899871826172,36.80899810791016,0.0001800661583307,0.1338735548772293,0.9566756471019676,1.6689648795798375,1.3584444495397678,71.0,0.4017688024378,327.5390886132409,0.91187847412102,0.287589889688215,False,False,5.125,4.21999979019165,40.29999923706055,1.5772759914004654e+20,False,0.0075131608462745,False
229,38758,J034723-725646-38758,J034723-725646,SB38758_component_123a,56.846739,-72.946367,287.8280014344876,-38.58868911026502,B,31.36400032043457,35.56100082397461,0.0001649456081594,0.1382319589168305,0.9409844017712002,1.185625002405051,1.4305333260443789,91.0,0.4895489242731786,-119.10317345627745,0.7142708745633318,0.2487067890475781,True,False,5.204999923706055,4.184999942779541,40.90999984741211,2.846980038126638e+20,False,0.0026102722761175,False
230,38758,J034718-725709-38758,J034718-725709,SB38758_component_123b,56.826721,-72.952707,287.8390122590613,-38.5894477353208,B,21.61199951171875,28.28700065612793,9.373603894961732e-05,0.2097801921577162,1.1571776370883289,0.8471041621747519,1.6264820689515884,108.0,0.4693044318632595,337.1159332808801,0.7565036126651801,0.3695579845568597,False,False,5.84499979019165,4.300000190734863,36.27999877929688,2.846980038126638e+20,False,0.0023596166773993,False
233,38758,J045154-732442-38758,J045154-732442,SB38758_component_125a,72.97701,-73.411716,285.4946012618641,-34.304919297982565,B,31.780000686645508,34.54899978637695,0.0001700615953379,0.1439577875765086,1.0627704266332154,1.2933360324251524,1.4634167917857894,85.0,0.4006463651525741,4.243867939388816,0.9146761231751656,0.4160602160102877,False,False,4.96999979019165,4.199999809265137,53.13999938964844,3.9485280758698456e+20,False,0.0025958889949028,False
235,38758,J044845-735145-38758,J044845-735145,SB38758_component_127a,72.189507,-73.862664,286.10105682927025,-34.34645307984058,B,29.22900009155273,34.73500061035156,0.0001691828454168,0.1471746489674724,1.1111714888787323,0.9639044733877642,1.5657971168841758,92.0,0.4546256280054432,3.646420892639406,0.7882809943057028,0.3797028383100798,False,False,5.195000171661377,4.394999980926514,58.09999847412109,4.05219908387785e+20,False,0.0024335849381862,False
236,38758,J044843-735148-38758,J044843-735148,SB38758_component_127b,72.180429,-73.863526,286.10317003818403,-34.34846923675964,B,16.610000610351562,19.614999771118164,0.0001407792190925,0.1429243296525039,0.905238944286273,1.1159556338911731,1.427815654443363,105.0,0.5225767101570898,5.602155805677118,0.6489834922214676,0.3169132307237322,False,False,5.360000133514404,4.230000019073486,59.560001373291016,4.05219908387785e+20,False,0.0041852039722407,False
237,38758,J035217-735700-38758,J035217-735700,SB38758_component_128a,58.070734,-73.950177,288.57289162626506,-37.70215114122527,C,29.968000411987305,31.952999114990234,0.0001450791365428,0.1260042156803451,1.5238731673836976,1.8652275754503915,1.5318506566251222,136.0,0.0079774892414246,6.265150090795214,4.83113154842768,3.1418312863435176,False,False,4.894999980926514,4.184999942779541,44.220001220703125,2.707073605245781e+20,False,0.0140978624030548,False
242,38758,J044745-725429-38758,J044745-725429,SB38758_component_129a,71.94087,-72.908167,285.05726157354064,-34.76736071791273,B,31.01099967956543,33.89099884033203,0.0001643186190826,0.1382995066890092,0.9659130338647932,0.9414851996565478,1.4975124374039344,109.0,0.5315994035391411,3.995232218219462,0.6318650741543211,0.3154603056541558,False,False,4.965000152587891,4.224999904632568,60.59999847412109,2.288649556819811e+20,False,-0.0002843591319161,False
245,38758,J040747-732016-38758,J040747-732016,SB38758_component_132a,61.945775,-73.33789,287.1567156285941,-37.15428428028743,B,30.525999069213867,33.83399963378906,0.0001715650349779,0.1217116051877945,0.8724010609434714,0.8806807382768697,1.4638751507301493,131.0,0.5914740897866779,2.458797672704866,0.525137400772195,0.255734359284562,False,False,5.005000114440918,4.255000114440918,43.220001220703125,2.094106757022213e+20,False,0.0147721318859188,False
248,38758,J035056-713649-38758,J035056-713649,SB38758_component_134a,57.736652,-71.613815,286.24924767906515,-39.17056121811406,B,30.218000411987305,40.45800018310547,0.0001496809644688,0.148555295666148,0.9551842392391516,1.03190788272555,1.470092294714607,93.0,0.5149080554754549,-53.68225893370782,0.6637669273146933,0.2535779972819,False,False,5.34499979019165,4.809999942779541,71.94000244140625,5.2196487148180726e+19,False,-0.0023331457843983,False
252,38758,J042402-724748-38758,J042402-724748,SB38758_component_137a,66.012063,-72.796688,285.83096486886865,-36.40125354190018,A,24.49399948120117,276.427001953125,3.0849983775668786e-05,0.045687379193826,0.5313484285986613,3.417685026921118,1.1202775719320537,79.0,0.5889291433333924,-0.3335013977195776,0.5294494025104755,0.1046340947312687,True,False,17.229999542236328,12.574999809265137,168.6699981689453,1.8651924172762182e+20,False,0.0020056738484377,True
255,38758,J035050-714109-38758,J035050-714109,SB38758_component_139a,57.711908,-71.685864,286.33036569232627,-39.1345781363047,B,29.233999252319336,32.53799819946289,0.0001620633128834,0.2035933377427048,1.1244746236655507,0.93772574898931,1.580306384560385,51.0,0.4558317608948343,219.96950240610863,0.7856314829509173,0.369374495969163,False,False,5.119999885559082,4.175000190734863,33.5,3.907445226799306e+19,False,-0.0086922234479097,False
256,38758,J043550-755423-38758,J043550-755423,SB38758_component_140a,68.958296,-75.906412,288.77502655112653,-34.27290980376102,B,24.770000457763672,35.21900177001953,0.0001594668841257,0.1290660302639129,0.7498160043429677,1.8920079465625448,1.2592717648767884,49.0,0.5094557605338207,4.342965247842265,0.6744122592672059,0.3117082266332067,False,False,5.355000019073486,5.099999904632568,108.41000366210938,1.612270102347496e+20,False,0.0028359531300231,False
261,38758,J045610-735703-38758,J045610-735703,SB38758_component_141a,74.041678,-73.950889,285.97747139261634,-33.835679480587345,B,18.91699981689453,28.66200065612793,0.0001408857583001,0.1261847367840956,0.9251122249732816,1.1202032195045988,1.4363318650131287,108.0,0.5112196400398472,279.1086400380091,0.6709559571735523,0.2273898979553439,False,False,6.34499979019165,4.585000038146973,59.619998931884766,5.192417880366056e+20,False,0.0001036733538004,False
264,38758,J040847-750741-38758,J040847-750741,SB38758_component_143a,62.199692,-75.128298,288.98403245922185,-36.1244171148539,B,23.926000595092773,26.65900039672852,0.0016967545472164,0.013795922586862,0.0895984598362851,1.8243846432919144,1.0317231790822423,79.0,0.9421247192459574,228.2862558487652,0.0596176148193887,0.0148453581682462,False,False,7.894999980926514,2.7100000381469727,98.80999755859376,2.7566419515287952e+20,False,0.0016823890065594,False
265,38758,J040844-750737-38758,J040844-750737,SB38758_component_143b,62.186808,-75.127046,288.98498493195785,-36.12786836413467,B,15.392999649047852,23.496999740600582,0.001321219592128,0.0107486030567709,0.1012135017867452,2.314345531459471,1.0305380054149562,94.0,0.929324503628211,0.608635170579364,0.0732972969323882,0.0153079633834077,True,True,9.739999771118164,3.009999990463257,120.33000183105467,2.7566419515287952e+20,False,0.0012282536851006,True
270,38758,J040512-710828-38758,J040512-710828,SB38758_component_145a,61.302256,-71.141333,284.9324950726028,-38.487248344108735,B,27.99799919128418,29.968000411987305,0.0001661711172434,0.1642211331194458,0.9399613037801238,1.0705720828933505,1.4539621255139556,80.0,0.5140008217338319,103.8049210261792,0.6655304148242968,0.2772508189605924,False,False,4.900000095367432,4.195000171661377,45.060001373291016,1.1652695287306586e+20,False,0.0127183394831023,False
272,38758,J035242-715146-38758,J035242-715146,SB38758_component_146a,58.178855,-71.863053,286.4054814163024,-38.91250150846412,B,27.972999572753903,30.25300025939941,0.0001406263382627,0.2070100845569713,1.157789962513618,0.8565360816893802,1.6236291198068562,65.0,0.4658391572932384,-40.90126123877271,0.763914860459635,0.3679611627447575,False,False,4.940000057220459,4.204999923706055,41.79999923706055,3.160732251133233e+19,False,-0.0071529010467435,False
273,38758,J035036-720419-38758,J035036-720419,SB38758_component_147a,57.653505,-72.072184,286.74577474461154,-38.92142407316279,C,27.28400039672852,29.766000747680664,0.0001385232112732,0.248283932103457,1.5575315145894093,0.9266719554920884,1.808405141388796,113.0,0.2508736267993864,50.17583029955086,1.3828059455253132,0.6879734805931793,False,False,4.894999980926514,4.28000020980835,44.34000015258789,4.419142683870271e+19,False,0.0011779372678126,False
274,38758,J043936-742128-38758,J043936-742128,SB38758_component_148a,69.902198,-74.357836,286.95408252083286,-34.72519793756927,B,27.07699966430664,31.863000869750977,0.000123393004021,0.2048555722303237,1.183077115941023,0.9136712676611954,1.6182237962881303,65.0,0.4351466803471073,-1.669968699352525,0.8320721085310684,0.4332008396574381,False,False,5.054999828338623,4.465000152587891,57.56999969482422,2.631586153794963e+20,False,0.0163620927049005,False
277,38758,J041204-743550-38758,J041204-743550,SB38758_component_150a,63.020132,-74.597306,288.2870763624764,-36.2309414338055,B,27.322999954223636,28.58799934387207,0.0001825105350579,0.1572808174202187,1.174157636269712,1.6337469866753245,1.4458126168572838,84.0,0.2716549805875717,6.04533548346255,1.3032224715766765,0.5974195362388766,False,False,4.800000190734863,4.184999942779541,43.40999984741211,3.164073577658508e+20,False,0.0143922108997406,False
278,38758,J044732-752236-38758,J044732-752236,SB38758_component_151a,71.88706,-75.376817,287.82591040816567,-33.8377428011244,B,26.916000366210938,31.083999633789062,0.0001286408258726,0.1538883794574952,1.426075921774944,1.698673382327042,1.5284359089595538,121.0,0.1023599871846098,4.710831383832323,2.2792593928897573,1.165770577725195,False,False,4.929999828338623,4.5,56.68000030517578,2.2788729527142967e+20,False,0.0035405872050764,False
279,38758,J044036-744642-38758,J044036-744642,SB38758_component_152a,70.152484,-74.778429,287.3845750877396,-34.48900229083025,B,24.05599975585937,58.14099884033203,0.0001000439375807,0.102710236354484,0.8105001173665273,2.1910584950313945,1.2539909934676874,63.0,0.4434908761011601,3.4762549376862157,0.8130780499330481,0.2856348366169382,False,False,8.255000114440918,5.619999885559082,163.8300018310547,4.240029335983468e+20,False,0.0021218597627496,False
283,38758,J040532-733554-38758,J040532-733554,SB38758_component_153a,61.386774,-73.598471,287.5396190498827,-37.14664657501452,B,26.972999572753903,33.2599983215332,0.0001376059570292,0.1252946605142008,0.9758129145326964,1.4688020646302118,1.3952576549221487,111.0,0.4194447403894522,2.6900372552687912,0.8688234890712233,0.3570445025219432,False,False,5.230000019073486,4.525000095367432,38.369998931884766,3.0156331758192925e+20,False,0.0042499351647416,False
284,38758,J045215-733646-38758,J045215-733646,SB38758_component_154a,73.064115,-73.612925,285.71130330504377,-34.209963591486904,B,26.21999931335449,38.63800048828125,0.0001266126782311,0.1784553839668275,1.1562940573770315,1.634212282494426,1.4389524963728804,73.0,0.2826584389958488,3.3973993457863108,1.2635160396079768,0.6477157939912705,False,False,5.525000095367432,5.119999885559082,44.18000030517578,5.793352297734728e+20,False,0.0072925007778927,False
288,38758,J040907-721916-38758,J040907-721916,SB38758_component_156b,62.279426,-72.321267,286.0054568431633,-37.60856738961545,B,18.042999267578125,39.31499862670898,9.367315039814524e-05,0.090974764872948,1.2471663991605757,2.6130112042846867,1.3451875260396522,170.0,0.0980211268790766,6.673837673705886,2.3225722431469387,0.812184319024637,True,False,7.039999961853027,5.945000171661377,49.06999969482422,1.1923247475478276e+20,False,0.0044705623896393,True
291,38758,J044505-735010-38758,J044505-735010,SB38758_component_157a,71.270975,-73.836335,286.18999812651333,-34.592614755350866,B,25.68000030517578,27.702999114990234,0.0001488914864882,0.1750168724583125,1.0796395466135758,1.0668666465940262,1.5223556867554593,100.0,0.4427161401418835,303.70213457409415,0.8148264814901032,0.3337386225233951,False,False,4.949999809265137,4.184999942779541,55.84000015258789,2.282704365782614e+20,False,-0.0020680500493728,False
292,38758,J044334-742817-38758,J044334-742817,SB38758_component_158a,70.8919,-74.471609,286.9476724535612,-34.436027321302745,B,19.82999992370605,42.82400131225586,9.220457304320184e-05,0.1093634008012618,1.1874171522322832,2.058296730379407,1.388260936369302,154.0,0.2008437841370188,5.15562013063328,1.6052278664425503,0.5611841758403353,False,False,6.760000228881836,6.130000114440918,135.0500030517578,4.1510334036428666e+20,False,0.0058799766501897,False
294,38758,J044159-720237-38758,J044159-720237,SB38758_component_159a,70.495817,-72.04367,284.27834991074064,-35.49590848475852,B,25.725000381469727,29.46199989318848,0.0001209806118295,0.1845915662643988,1.411014180597329,1.8077030018473408,1.5025510816738614,69.0,0.0915369010765323,2.5799398417504564,2.391013097546493,1.4436191650645247,False,False,5.230000019073486,4.204999923706055,60.52000045776367,9.74387741148428e+19,False,0.0053973920400108,False
295,38758,J040939-731456-38758,J040939-731456,SB38758_component_160a,62.412468,-73.249163,286.9729379217499,-37.08796745662222,B,25.73600006103516,27.378999710083008,0.0001497291898203,0.1804513923256502,1.3632699377376607,0.9861233409381782,1.6863974203604584,65.0,0.3231274826227976,-0.5865868162794795,1.1297083505836276,0.5621129491741911,False,False,4.965000152587891,4.114999771118164,50.43999862670898,1.7914552220947277e+20,False,0.0184028329233742,False
299,38758,J043157-724449-38758,J043157-724449,SB38758_component_164a,67.988833,-72.746973,285.450081151674,-35.900618588785434,B,24.608999252319336,26.16399955749512,0.0001223892901151,0.1624166935835643,1.396147725229186,1.385212564580643,1.585334718574506,124.0,0.1891869933453197,5.272054121223948,1.665019370259578,0.7933915116695116,False,False,4.925000190734863,4.144999980926514,51.97999954223633,1.378608338500707e+20,False,0.0028198195812031,False
302,38758,J042638-735903-38758,J042638-735903,SB38758_component_167a,66.660676,-73.984214,287.02303892412647,-35.68326545955326,B,23.9950008392334,25.86100006103516,0.0001458033534845,0.1582473160559347,1.3022200811308906,1.353640485562715,1.5532790964120216,109.0,0.2510590152811308,3.2949058030530725,1.382067246844924,0.6758005700643183,False,False,4.960000038146973,4.175000190734863,50.380001068115234,1.587760137902084e+20,False,0.005831427778376,False
307,38758,J042143-714016-38758,J042143-714016,SB38758_component_170a,65.429544,-71.671379,284.6907925989928,-37.0817890365718,B,24.25900077819824,25.70199966430664,0.0001350470296773,0.2048023044527892,1.2871828681189237,1.9636535025563744,1.4343229959266937,43.0,0.1471401278077699,4.879561658891122,1.9163698958650344,1.070999384018921,False,False,4.914999961853027,4.139999866485596,50.52000045776367,1.2577820345147908e+20,False,-0.0034930186845702,False
311,38758,J035555-723214-38758,J035555-723214,SB38758_component_172a,58.982679,-72.537316,286.9272001119336,-38.32188665913709,B,24.32200050354004,25.95400047302246,0.0001292014495533,0.1990057495690275,1.3379579446090353,0.9257363819760056,1.6947773107117348,100.0,0.3568193661026995,9.213229055928707,1.0305256025555716,0.4868468277807736,False,False,4.929999828338623,4.15500020980835,43.15999984741211,1.0148912609270946e+20,False,0.0012177892670346,False
312,38758,J041420-753358-38758,J041420-753358,SB38758_component_173a,63.585016,-75.566123,289.20510567479045,-35.59304203833135,B,24.33799934387207,23.042999267578125,0.0001957292525043,0.1321270789160719,0.8321017019590643,1.5215590601137676,1.3299949285826054,55.0,0.4978932266235411,371.0757196583994,0.6973696293157865,0.2354192019690957,False,False,4.559999942779541,3.990000009536743,49.130001068115234,3.426263801671139e+20,False,-0.0190933723638635,False
313,38758,J040455-732752-38758,J040455-732752,SB38758_component_174a,61.228991,-73.464659,287.4299401929163,-37.257437172034734,B,22.874000549316406,23.81100082397461,0.0001129835614381,0.1826844533632063,1.4779117174519962,0.783412532645239,1.8286987392983551,84.0,0.3507870218463589,0.6737683278963523,1.0475760150454434,0.5566943731022305,False,False,4.925000190734863,4.059999942779541,50.18999862670898,2.621276725828852e+20,False,0.0033239012661425,False
316,38758,J045803-723443-38758,J045803-723443,SB38758_component_177a,74.516065,-72.578812,284.3622132331159,-34.16440380857887,B,22.83099937438965,24.649999618530277,0.0001151624757431,0.2582957202439158,1.4327530809185771,1.0116501350634637,1.7122277656265397,62.0,0.2794746847079624,4.510031385089911,1.2748435639846722,0.8264225787593478,False,False,4.925000190734863,4.210000038146973,58.59000015258789,1.9928310961326768e+20,False,-0.0021570088481705,False
318,38758,J041402-711728-38758,J041402-711728,SB38758_component_179a,63.512118,-71.291373,284.63672218576306,-37.79828937937904,B,22.554000854492188,31.53899955749512,9.630512315985338e-05,0.1901837888275031,1.1761706670088363,0.8254563452177133,1.6443159652051609,150.0,0.4681452981963245,323.4490926096492,0.7589765650176952,0.3417813668407067,False,False,5.894999980926514,4.554999828338623,38.75,1.5688668374593474e+20,False,0.005829061568985,False
319,38758,J040513-723724-38758,J040513-723724,SB38758_component_180a,61.306053,-72.623342,286.52532523852824,-37.696698039308096,B,20.7450008392334,22.868000030517575,0.0001700627979339,0.1232512021981471,1.1610479308061237,1.5168204666597425,1.461315356493042,117.0,0.3002674256869185,6.012202600605815,1.2030817824474611,0.4433423205740041,True,False,5.09499979019165,4.15500020980835,45.52000045776367,1.1142046595067814e+20,False,0.0009197094066323,True
321,38758,J035957-722735-38758,J035957-722735,SB38758_component_181a,59.991422,-72.45982,286.6268954997033,-38.11606006589537,B,21.847999572753903,30.392000198364254,0.0001035511343106,0.1521797236296637,1.023525719968143,1.231080108984234,1.4587579423287196,83.0,0.4352322223605769,8.047566139542162,0.8318755458306654,0.366048994114845,False,False,5.369999885559082,4.974999904632568,151.2100067138672,1.1465486155428889e+20,False,-0.0020680265423555,False
323,38758,J040841-730557-38758,J040841-730557,SB38758_component_183a,62.172327,-73.099373,286.8596893086,-37.2262514799852,B,21.624000549316406,24.052000045776367,0.0001177146190534,0.1759048327194858,1.0620664081403823,1.1288086016470655,1.4989017835227922,72.0,0.4368353753824098,-88.59367581799934,0.828198870233668,0.3383846332822031,False,False,5.119999885559082,4.170000076293945,45.0,1.5628134044920476e+20,False,0.0044837339035879,False
326,38758,J042221-742858-38758,J042221-742858,SB38758_component_186a,65.591215,-74.482801,287.7332691946412,-35.700055951130345,B,17.850000381469727,26.54700088500977,0.0001243361306168,0.112784299537345,1.2149859138080794,1.4593975961916936,1.4940176877823457,196.0,0.2790317739742661,3.733188666218077,1.2764296184327764,0.4748082333429031,False,False,5.690000057220459,5.014999866485596,27.3700008392334,2.4061307348355324e+20,False,0.0213290128052146,False
330,38758,J045009-715837-38758,J045009-715837,SB38758_component_187a,72.539621,-71.977175,283.9194284070872,-34.93303252445714,B,21.843000411987305,23.565000534057617,0.0001280890881833,0.2700602058279394,1.3757686432224745,0.9818828017049276,1.6941725525035891,59.0,0.3184039092811148,3.303688628902077,1.1444345471943331,0.8267867493198783,False,False,4.960000038146973,4.179999828338623,54.810001373291016,4.287707460453336e+20,False,0.0084949027112665,False
331,38758,J035359-731710-38758,J035359-731710,SB38758_component_188a,58.49632,-73.286335,287.8072448876662,-38.00149280306964,C,21.250999450683597,23.136999130249023,8.312505561417954e-05,0.2842530482644994,1.6801761377051283,0.7015101045105467,1.987461745452546,127.0,0.3072856077474175,-14.7045685629707,1.1799776454773945,0.6643910539955467,False,False,5.0,4.179999828338623,43.59000015258789,1.9902256428643303e+20,False,0.0232279060755711,False
332,38758,J035143-715931-38758,J035143-715931,SB38758_component_189a,57.93036,-71.99215,286.59799226158697,-38.89960945955357,C,21.58699989318848,23.358999252319336,0.0001090251387808,0.2796936940562845,1.7448003274599662,0.7909370604470505,1.9742387747699144,82.0,0.229438447309948,-51.53739948177185,1.4721204888970048,0.7972168476358119,False,False,4.980000019073486,4.170000076293945,44.150001525878906,3.962902727305174e+19,False,0.0072623215723209,False
333,38758,J041705-724543-38758,J041705-724543,SB38758_component_190a,64.274051,-72.762004,286.10074033119326,-36.86930784573234,C,22.0310001373291,23.763999938964844,0.0001153163816303,0.1868329512650649,1.5811637440436213,1.3951726208995998,1.6601460497029872,110.0,0.0789823056593659,-3.078202805459106,2.538531430597524,1.329344011114086,False,False,4.929999828338623,4.204999923706055,46.95000076293945,1.355782181768652e+20,False,0.0019975263458442,False
335,38758,J043755-730300-38758,J043755-730300,SB38758_component_192a,69.479843,-73.050139,285.56043646196014,-35.375183180094204,C,20.636999130249023,24.371999740600582,8.047122547165556e-05,0.220583869146652,1.83231619058652,1.0768692940069144,1.8822491602499565,112.0,0.0499329696634363,5.313092695973668,2.997073779702401,1.972127864673096,False,False,5.320000171661377,4.264999866485596,62.90999984741211,1.3713600126448063e+20,False,0.0021443084981485,False
336,38758,J044602-723403-38758,J044602-723403,SB38758_component_193a,71.509675,-72.567527,284.72941407758503,-35.012493272413224,B,20.777999877929688,23.45800018310547,0.0001089956407385,0.2428310237169107,1.4132240990010576,1.4988667425316728,1.565546003293189,38.0,0.1523219042921312,361.44978747531735,1.881759206099352,0.9532767766079916,False,False,5.085000038146973,4.260000228881836,59.40999984741211,2.3739662430398064e+20,False,-0.0175403949237078,False
340,38758,J045813-722846-38758,J045813-722846,SB38758_component_196a,74.555691,-72.479674,284.2441196882231,-34.18499881139672,C,20.558000564575195,22.927000045776367,0.0001077258479531,0.2867317514620811,1.6308026448419397,0.7446090911079948,1.9347667928327843,61.0,0.303964147990845,-1.4251236318785667,1.190845518771346,0.7833006625829574,False,False,4.985000133514404,4.295000076293945,58.45000076293945,1.746622330054026e+20,False,0.0016877298879795,False
343,38758,J044633-754125-38758,J044633-754125,SB38758_component_198a,71.641427,-75.690308,288.2013523184363,-33.769085049869744,C,20.51499938964844,21.92799949645996,0.0001265805525449,0.2555576032208363,1.6777885476714576,1.2921628058491104,1.7319674428841176,68.0,0.05417889521266,193.5384427597439,2.915463833587719,1.7670859546763644,False,False,4.929999828338623,4.159999847412109,53.59000015258789,2.0144716351895988e+20,False,0.0066062298657479,False
347,38758,J043535-741033-38758,J043535-741033,SB38758_component_200a,68.897561,-74.176001,286.8945997042171,-35.049062497847935,B,20.989999771118164,22.57699966430664,0.0001054001059598,0.2460134309901192,1.3449524894759668,1.4736165002632335,1.5437190806791763,73.0,0.1987665912032095,2.2138907408858213,1.6156240511797717,1.0168023852709718,False,False,4.889999866485596,4.224999904632568,47.2400016784668,2.2715075251886752e+20,False,0.0165358497259975,False
348,38758,J040519-733143-38758,J040519-733143,SB38758_component_201a,61.330513,-73.528628,287.4772436853864,-37.19823316828652,C,20.132999420166016,22.476999282836918,7.885136642384828e-05,0.2748481012707378,1.8940392715810093,0.8108023137725764,2.0459668938875053,170.0,0.1519276223064958,208.83570867940173,1.884351040576549,1.048950496322876,False,False,5.005000114440918,4.284999847412109,38.56999969482422,2.915542076795832e+20,False,0.0151719829615936,False
351,38758,J043853-750900-38758,J043853-750900,SB38758_component_202a,69.721467,-75.149921,287.8501953853473,-34.43313361555974,B,20.43899917602539,23.28700065612793,0.0001065952208585,0.2304496871852675,1.411584028840562,1.1652674096482651,1.6519213389305414,49.0,0.2403373100899793,283.2345129026656,1.425711883664556,0.673167980756213,False,False,5.065000057220459,4.320000171661377,42.59999847412109,2.744535582764724e+20,False,-0.0040924218001065,False
352,38758,J044038-751357-38758,J044038-751357,SB38758_component_203a,70.1617,-75.232758,287.88305157865256,-34.2960679994953,B,19.98900032043457,22.427000045776367,0.0001214721724772,0.2400200014663624,1.395213688906951,1.1823519726031706,1.6393165293326637,59.0,0.2441028404257124,2.8054994167735714,1.4101656653309222,0.8808944988817629,False,False,4.920000076293945,4.380000114440918,53.63999938964844,2.418167535622978e+20,False,-0.0016932432162428,False
359,38758,J042440-742453-38758,J042440-742453,SB38758_component_208a,66.16722,-74.414892,287.5681237603674,-35.59783189957063,B,18.97900009155273,27.03400039672852,0.0001023748159684,0.1721344609192671,1.3632312261910542,1.5786216939129605,1.5286666242702716,70.0,0.1654353980792173,3.6277918282509343,1.799174504301265,0.9443464445191132,False,False,5.690000057220459,4.804999828338623,68.33999633789062,2.376918370232788e+20,False,0.0045837256024956,False
360,38758,J035851-742039-38758,J035851-742039,SB38758_component_209a,59.713029,-74.344384,288.63898931488694,-37.10729174002577,C,20.066999435424805,24.388999938964844,9.526420586642016e-05,0.2087041791901966,1.7975966760736126,1.1219731789848804,1.8471344943829853,131.0,0.0495378183093727,4.3324379101772506,3.005018894861748,2.054437702824906,False,False,5.519999980926514,4.230000019073486,50.369998931884766,2.9195168613831105e+20,False,0.0114257491819722,False
363,38758,J033628-744600-38758,J033628-744600,SB38758_component_211a,54.117057,-74.766754,290.2286751256993,-38.00679628202743,C,19.23900032043457,24.82999992370605,9.088058656255648e-05,0.2760707742085065,1.6720346903036756,1.000714025068685,1.835718982999719,65.0,0.1636842926960433,173.38766699668233,1.8098157509738728,1.0021470862881945,False,False,5.574999809265137,4.445000171661377,58.41999816894531,4.54612077359047e+20,False,-0.0037270161946627,False
366,38758,J041418-711148-38758,J041418-711148,SB38758_component_214a,63.575108,-71.196799,284.5198171493516,-37.82700492271982,C,19.56399917602539,24.56599998474121,0.0001010439772951,0.2464856075575814,1.5605975425252845,1.2452271730887592,1.6950733365561268,70.0,0.1344757940308424,5.801877939616432,2.0063710661677034,1.269120409518306,False,False,5.005000114440918,4.820000171661377,62.91999816894531,1.4576480923778336e+20,False,-0.0118810446253341,False
369,38758,J044657-740756-38758,J044657-740756,SB38758_component_216a,71.738088,-74.132371,286.4605148979774,-34.35913202924183,C,19.516000747680664,20.871999740600582,9.679128150465414e-05,0.3104656654464116,1.6017325844752024,1.0245524084977728,1.7911539250612412,74.0,0.1894213405860388,-107.52560134922317,1.66378142988878,0.9704082358546148,False,False,4.920000076293945,4.175000190734863,55.18999862670898,3.837851008769021e+20,False,0.007698370162179,False
370,38758,J035402-713402-38758,J035402-713402,SB38758_component_217a,58.509057,-71.567424,286.0182403860239,-38.99880539567466,C,19.350000381469727,20.628999710083008,0.0001069040518691,0.2589854129002998,1.6270528862034783,1.0550989868961589,1.791715093325425,85.0,0.1646622071219466,210.0073918439716,1.80385913308444,0.9451211130361268,False,False,4.965000152587891,4.125,43.18000030517578,5.549675897500563e+19,False,0.000465067522306,False
376,38758,J035936-713539-38758,J035936-713539,SB38758_component_222a,59.901874,-71.594384,285.72878716396,-38.619969082173895,C,18.524999618530277,19.976999282836918,8.791076488816499e-05,0.2292969280427885,1.599927889502572,0.6731896423173614,1.9562143160811571,189.0,0.3562864265785851,166.8204186442925,1.032020302581305,0.4968735613569275,False,False,4.945000171661377,4.190000057220459,44.369998931884766,9.80401724897647e+19,True,0.0194768213322459,False
381,38758,J034643-722608-38758,J034643-722608,SB38758_component_225a,56.680647,-72.435748,287.34839343332146,-38.93986675561056,C,16.841999053955078,25.788000106811523,7.31511090191084e-05,0.3084565086184216,1.983040385947316,0.8509061075187394,2.071388968836302,100.0,0.0883485828889861,-106.79128735220286,2.426465120084898,1.5021619667339727,False,False,5.829999923706055,5.045000076293945,162.69000244140625,1.5774523154460063e+20,False,-0.0004166815062226,False
383,38758,J042544-742029-38758,J042544-742029,SB38758_component_227a,66.433182,-74.341422,287.4467256306544,-35.56990575917644,B,16.510000228881836,17.172000885009766,0.0001047093390037,0.2156998282296936,1.483997902488635,0.9023801946191364,1.7800743020170775,95.0,0.2960763995284425,2.5747073482813865,1.217137751446824,0.7379889030662059,False,False,4.900000095367432,4.074999809265137,53.34999847412109,2.3260210142338813e+20,False,-0.0092234094715048,False
385,38758,J040355-751523-38758,J040355-751523,SB38758_component_228a,60.980379,-75.256584,289.33179549121616,-36.31108195177364,C,18.447999954223636,17.534000396728516,0.0001022873095929,0.2348076027166062,1.5434895576537382,0.9172693494040176,1.8050457585072912,69.0,0.2615562008535529,-54.87165166753235,1.3411061013465573,0.6409000726593806,False,False,4.559999942779541,4.005000114440918,46.77999877929688,3.471657485282789e+20,False,-0.0247874582465685,False
386,38758,J045227-733601-38758,J045227-733601,SB38758_component_229a,73.113168,-73.600488,285.69127987597665,-34.20147175455529,C,17.93199920654297,19.41699981689453,9.83040489985819e-05,0.2572633099697478,1.8122173714688616,0.8035927119721865,2.004781932993754,111.0,0.1925645615248929,5.33886345067952,1.6473237969382244,1.0455257353632554,False,False,4.945000171661377,4.204999923706055,57.220001220703125,5.793352297734728e+20,False,-0.0173782432179617,False
387,38758,J043421-762321-38758,J043421-762321,SB38758_component_230a,68.590966,-76.389421,289.3437453901734,-34.13223248941105,C,17.332000732421875,25.187000274658203,7.033166126395217e-05,0.2849522973690099,1.791825857615779,1.2007324706176736,1.8141952197910145,92.0,0.0223693621752354,3.4774698775451687,3.8000630163928286,2.9957709278920133,False,False,5.659999847412109,4.929999828338623,38.0099983215332,1.0352856459366456e+20,False,0.0036698655707118,False
389,38758,J034921-743439-38758,J034921-743439,SB38758_component_231a,57.338905,-74.577774,289.35311211485856,-37.47626358349481,C,17.41900062561035,25.01000022888184,7.037266622563305e-05,0.2097328412942167,1.7810134317821715,0.8623037153946667,1.9563496099263984,162.0,0.1753361781442265,-111.50614887590768,1.7410501298869774,0.7867676718598213,False,False,5.710000038146973,4.829999923706055,81.76000213623047,3.300322334641861e+20,False,0.0186509116079308,False
390,38758,J045004-722132-38758,J045004-722132,SB38758_component_232a,72.516478,-72.359149,284.3583529098631,-34.80548378742207,B,16.09000015258789,27.827999114990234,6.511423802150115e-05,0.234858176053919,1.4970183939008104,0.9207160638148894,1.7794064006147068,67.0,0.2823880067138963,7.474775980847117,1.264473243408316,0.6811551744916441,False,False,7.389999866485596,4.489999771118164,52.31999969482422,1.6964871091776343e+20,False,0.0043532375328339,False
395,38758,J042202-720415-38758,J042202-720415,SB38758_component_236a,65.511389,-72.070873,285.1186029715059,-36.873364101106304,B,15.67099952697754,23.08799934387207,9.528416695702174e-05,0.2147188508125384,1.031375140163343,1.2027131495637426,1.4682294380308265,54.0,0.4368542978674833,7.0784827466207645,0.8281555539724008,0.4814449553305799,False,False,5.90500020980835,4.789999961853027,59.52999877929688,9.64286448608244e+19,False,-0.003295375298493,False
397,38758,J040735-740917-38758,J040735-740917,SB38758_component_237a,61.899525,-74.154764,288.02518491306535,-36.723448984914434,C,17.541000366210938,17.697999954223633,8.342018284610077e-05,0.2905698334184074,1.7135493071545995,1.027817135430175,1.8450216132487176,116.0,0.1314723060941179,0.038051281431457,2.028959049588352,1.3939560582248536,False,False,4.744999885559082,4.079999923706055,48.790000915527344,2.311489723875134e+20,False,0.0221083538829059,False
398,38758,J041122-714350-38758,J041122-714350,SB38758_component_238a,62.843047,-71.730613,285.2522872771248,-37.76301281079418,C,16.8700008392334,18.100000381469727,8.716896483136338e-05,0.2474603234074341,1.5816237673899192,1.5262091082853213,1.626085846259756,90.0,0.0444620788698369,-6.470145051779443,3.1131186133332576,1.9577259601885448,False,False,4.929999828338623,4.179999828338623,47.81999969482422,1.1828853546801716e+20,False,0.0058790529265229,False
399,38758,J034042-740735-38758,J034042-740735,SB38758_component_239a,55.178451,-74.126465,289.37761283750166,-38.21299337926788,C,16.614999771118164,20.249000549316406,8.6656946124793e-05,0.2474636319388207,1.726323187063634,1.1009775564556394,1.8216761677244904,119.0,0.0953529806608564,268.6425011531801,2.350169687216051,1.2852362384089604,False,False,5.335000038146973,4.385000228881836,46.61000061035156,3.007450578704296e+20,False,0.0135297062692697,False
403,38758,J034959-725920-38758,J034959-725920,SB38758_component_241a,57.498133,-72.988969,287.723171235024,-38.41123855687096,B,16.132999420166016,34.22100067138672,6.152041863715124e-05,0.160515858283601,1.1529779320464546,1.0194549647833255,1.5709352038806974,117.0,0.4179572718342428,362.4461680999541,0.8723760721744934,0.3250831535737403,False,False,8.734999656677246,4.664999961853027,88.77999877929688,2.275179108856381e+20,False,0.0067349649130204,False
409,38758,J041527-715448-38758,J041527-715448,SB38758_component_244a,63.86421,-71.913441,285.2514762574933,-37.39571346112234,B,16.514999389648438,18.01099967956543,9.311821165793822e-05,0.2560045682942631,1.3728005847589224,0.9607713416965016,1.70013293012083,66.0,0.3273323453619073,335.51647734972425,1.1167792775429812,0.5779537511864745,False,False,4.945000171661377,4.235000133514404,49.34000015258789,1.3189495870025245e+20,False,-0.0093042047685782,False
417,38758,J041412-733543-38758,J041412-733543,SB38758_component_249a,63.553923,-73.595347,287.1302267835308,-36.62964922958656,B,15.321000099182127,29.15999984741211,6.0595607825545326e-05,0.2098983624670286,1.199211429315286,0.853530885970234,1.6469875621670889,79.0,0.4477761328518028,21.964335490849876,0.8034618749163293,0.3856469418803712,False,False,7.269999980926514,5.03000020980835,67.91000366210938,1.1795534177200095e+20,False,0.0074294425781994,False
419,38758,J043031-731243-38758,J043031-731243,SB38758_component_250a,67.62907,-73.211987,286.0226572807446,-35.79147144259421,B,16.07900047302246,28.0939998626709,6.19805126439687e-05,0.1802386021628476,1.3184117480148736,0.6285283663059716,1.809572479849066,107.0,0.4911607318341923,-2.2005711703340785,0.710983848679142,0.3565286306587453,False,False,6.494999885559082,5.164999961853027,169.27000427246094,1.8048855788518972e+20,False,0.0010476646199924,False
422,38758,J044158-755409-38758,J044158-755409,SB38758_component_252a,70.492297,-75.902529,288.5742135332467,-33.938351158028,C,16.518999099731445,21.92300033569336,6.360622292160725e-05,0.3088933387976224,2.0055323750324825,0.8626360155877839,2.0767172750064136,98.0,0.0711848999739312,220.1613895497005,2.642474562073962,1.6854841844917794,False,False,5.960000038146973,4.275000095367432,46.34999847412109,1.684005887544495e+20,False,-0.0052509392645813,False
435,38758,J042116-753837-38758,J042116-753837,SB38758_component_261a,65.318028,-75.643875,289.012997176495,-35.184235827208674,B,16.395999908447266,24.525999069213867,0.0001073355187167,0.1432542540414197,0.9348402802177798,1.2073213740557376,1.423517975771739,61.0,0.4886776955539593,305.4776313814681,0.7160521161118959,0.2571124396721934,False,False,6.675000190734863,4.300000190734863,31.11000061035156,2.555567894192425e+20,False,-0.0057989083769963,False
440,38758,J043837-732920-38758,J043837-732920,SB38758_component_265a,69.654287,-73.489122,286.0249091058225,-35.14847674998547,C,15.355999946594238,16.319000244140625,8.543430985865575e-05,0.2476280445909837,1.822247576418576,1.0399679990510915,1.893272628426627,87.0,0.0710250520080512,5.588521141047939,2.644722618992224,1.76222747505459,False,False,4.934999942779541,4.135000228881836,51.61000061035156,1.1117515059001192e+20,False,-0.0025267257026513,False
446,38758,J044404-725011-38758,J044404-725011,SB38758_component_271a,71.016544,-72.836612,285.1013324777624,-35.046489762571966,C,15.116000175476074,18.16900062561035,7.390597810316227e-05,0.2848207227475319,1.5847195017356972,0.8537938877634439,1.8548520481139477,116.0,0.2701325463782502,235.625622504454,1.3088425279298503,0.7344599822080092,False,False,5.239999771118164,4.40500020980835,46.75,2.3739405532955548e+20,False,0.0002562768975135,False
447,38758,J044551-732703-38758,J044551-732703,SB38758_component_272a,71.465461,-73.450935,285.7321787911829,-34.69090713570488,B,15.286999702453612,17.80699920654297,8.636202800871838e-05,0.2286674869132944,1.434666551210605,0.7877987370381414,1.8024765436334445,120.0,0.3678099924228395,351.30356338955545,1.0001887990927634,0.4834750062604884,False,False,5.050000190734863,4.429999828338623,67.16999816894531,1.4031774358084792e+20,False,0.0050287066429151,False
458,38758,J034620-750442-38758,J034620-750442,SB38758_component_279a,56.584984,-75.078519,290.00004905303564,-37.31653679325717,C,15.461999893188477,16.85700035095215,6.482093840670531e-05,0.2876636161970117,2.3226423207793907,0.7365692563691172,2.3374890245584887,124.0,0.014846703779098,2.2334121383577585,4.209977406109416,3.4071686952665967,False,False,5.039999961853027,4.150000095367432,44.54999923706055,4.904353938898385e+20,False,0.0061714150752193,False
