id,comp_name,component_id,ra,dec,glon,glat,rating,flux_peak,flux_int,mean_cont,sd_cont,opacity_range,max_s_max_n,max_noise,num_chan_noise,min_opacity,vel_min_opacity,peak_tau,e_peak_tau,has_mw_abs,has_other_abs,semi_maj_axis,semi_min_axis,pa,n_h,noise_flag,continuum_slope,field,all_sbids,sbid,mwdet
74,J035201-724532,SB38758_component_30a,58.005238,-72.759147,287.37407921102545,-38.42887696849284,B,115.89700317382812,127.37000274658205,0.0006472648095861,0.0350683394642528,0.2090548543258149,1.283259924595031,1.0915598141385037,82.0,0.8825049598126887,4.597865428520483,0.1249908700061285,0.0502556587723091,False,False,5.034999847412109,4.190000057220459,46.93000030517578,1.706423358629534e+20,False,0.004209213383521,M355-02,"38466,38758",38758,False
151,J035037-724918,SB38758_component_74a,57.655247,-72.821735,287.5170413212348,-38.47476132901958,B,48.165000915527344,55.34000015258789,0.0003213670632515,0.053058754415295,0.5315619778213047,1.2999912777290654,1.231114779855231,137.0,0.6995528020339264,6.63913229386686,0.3573140023303031,0.0875160056942613,False,False,4.909999847412109,4.494999885559082,36.220001220703125,1.7914482750180632e+20,False,0.0026000994789228,M355-02,"38466,38758",38758,False
150,J035322-720823,SB38758_component_73b,58.343928,-72.139747,286.65618037212136,-38.71001632094395,B,52.89599990844727,63.435001373291016,0.0003968602807329,0.0580693157729466,0.3734245742004112,1.207293751374534,1.1691775614223847,82.0,0.7957529872219735,253.36257782673533,0.2284664588565461,0.07090725504238,False,False,5.289999961853027,4.355000019073486,43.04999923706055,3.636308746858456e+19,False,0.0010879252220338,M355-02,"38466,38758",38758,False
206,J034224-731437,SB38758_component_107b,55.602184,-73.243713,288.4143625287206,-38.68664591527137,B,30.900999069213867,43.92300033569336,0.0001389780952261,0.1355360190907256,0.8443389824372818,0.9969217526313764,1.422820263901018,75.0,0.5784812814637361,-110.07866282605625,0.5473490898922406,0.2105010034245686,False,False,5.934999942779541,4.599999904632568,48.7400016784668,3.776842706770721e+20,False,0.00309143982157,M355-02,"38466,38758",38758,False
152,J035027-724810,SB38758_component_74b,57.616213,-72.802779,287.506473755354,-38.49535145663198,B,31.738000869750977,36.1879997253418,0.0002222592119346,0.0852215887415905,0.6085793785588561,1.0475524018242008,1.297222858871237,166.0,0.6886434803123805,3.702240882384504,0.3730315870093165,0.1494005104527999,False,False,4.889999866485596,4.474999904632568,33.91999816894531,1.7914482750180632e+20,False,0.0025719843440569,M355-02,"38466,38758",38758,False
248,J035056-713649,SB38758_component_134a,57.736652,-71.613815,286.24924767906515,-39.17056121811406,B,30.218000411987305,40.45800018310547,0.0001496809644688,0.148555295666148,0.9551842392391516,1.03190788272555,1.470092294714607,93.0,0.5149080554754549,-53.68225893370782,0.6637669273146933,0.2535779972819,False,False,5.34499979019165,4.809999942779541,71.94000244140625,5.2196487148180726e+19,False,-0.0023331457843983,M355-02,"38466,38758",38758,False
0,J040848-750719,SB38758_component_1a,62.201611,-75.122054,288.97723612383857,-36.12743290142625,A,9939.6416015625,14466.7548828125,0.0494462073121855,0.0018697464143271,0.2012521332239643,27.451211124035314,1.007073587565274,126.0,0.8058214543413098,0.6038520639602357,0.2158930816831862,0.0031013774555168,True,False,5.735000133514404,4.875,110.4499969482422,2.667040534119612e+20,False,0.0015592965077915,M355-02,38758,38758,True
1,J043535-745157,SB38758_component_2a,68.896025,-74.865834,287.651824026418,-34.748772301061464,A,529.239013671875,487.4020080566406,0.0047561577464476,0.0056282539617551,0.261288925822446,13.431207013564324,1.0181058261846605,108.0,0.7568169003622143,3.651616877254506,0.2786339301483888,0.010550144711332,True,False,4.739999771118164,3.7300000190734863,53.7599983215332,4.130695516604109e+20,False,0.0020938285854862,M355-02,38758,38758,True
11,J043704-714819,SB38758_component_5a,69.267886,-71.805502,284.1930174663911,-35.93982866730022,A,421.1919860839844,469.3259887695313,0.0022197937913716,0.0113040843557211,0.4302473848497048,15.3893915244441,1.0262515776871892,49.0,0.5960041928374844,1.577686387298716,0.5175075769793104,0.0295884156746121,True,False,4.994999885559082,4.28000020980835,53.79999923706055,9.550345859871711e+19,False,0.0022603642865917,M355-02,"38758,38814",38758,True
16,J042349-724413,SB38758_component_7a,65.954566,-72.737084,285.7752930975382,-36.44410262426733,A,343.75,397.5899963378906,0.0021004947491569,0.0119860354796297,0.3459501373662969,8.717705197610151,1.035599982746068,94.0,0.6896498453797711,0.6120318553583638,0.3715712806616467,0.0254638539144347,True,False,5.09499979019165,4.360000133514404,56.15999984741211,1.7855633164097733e+20,False,0.0022858334872773,M355-02,38758,38758,True
28,J040659-733405,SB38758_component_11a,61.748581,-73.568218,287.4379457407786,-37.07738547416566,A,213.1219940185547,226.6840057373047,0.0013683769183244,0.0164952409762101,0.41093944831682,3.4484374119503585,1.09237838149928,264.0,0.68143893318246,4.580108719891999,0.3835486383425341,0.0335835485532855,True,False,4.965000152587891,4.114999771118164,47.13999938964844,2.974114829494739e+20,False,0.0141191372875003,M355-02,38758,38758,True
36,J040749-721622,SB38758_component_14a,61.955598,-72.272869,286.01854204582816,-37.71779837900491,A,204.45199584960932,251.8650054931641,0.0010926417048833,0.0187905782573037,0.9642283079437468,17.39401221380857,1.0524207713214353,73.0,0.0881924633776883,6.687394831103957,2.428233768852943,0.2545423976903649,True,False,5.264999866485596,4.489999771118164,44.09000015258789,1.1613186977460463e+20,False,0.0032128654436055,M355-02,38758,38758,True
39,J040914-714206,SB38758_component_16a,62.309934,-71.701774,285.32905960663,-37.92153259445245,A,123.1709976196289,101.75399780273438,0.0014582165238651,0.0205835390268221,0.2043150769938891,3.173350549886559,1.0489570848534262,51.0,0.844642007859537,6.288008554961881,0.1688424007317616,0.0324427325129314,True,False,4.46999979019165,3.5450000762939453,61.20000076293945,1.0552676241526456e+20,False,0.0008885479493222,M355-02,38758,38758,True
45,J040828-741616,SB38758_component_18a,62.116965,-74.271294,288.1070123281869,-36.61044128616925,A,76.96499633789062,69.61599731445312,0.0010428218612526,0.0215424919194402,0.8361721818834136,12.624174013159044,1.0613741560461418,71.0,0.2252019741627283,5.947159434243862,1.49075761649069,0.1313996541731248,True,True,4.400000095367432,3.944999933242798,35.91999816894531,2.682990049676216e+20,False,0.0063637124552788,M355-02,38758,38758,True
52,J034609-725056,SB38758_component_20b,56.541443,-72.84909,287.8002739305782,-38.71928191139238,B,57.28799819946289,61.65800094604492,0.0007870835521849,0.0411649920064345,0.2267545081315418,1.3377996295800727,1.0969948430406211,53.0,0.8702403349090795,189.5467357803516,0.1389858584607602,0.0462275458916411,False,False,4.880000114440918,4.235000133514404,43.130001068115234,2.668838008333997e+20,False,0.0008659770891807,M355-02,38758,38758,False
53,J043443-744229,SB38758_component_21a,68.681372,-74.708127,287.5095628479113,-34.86877509400631,A,131.31500244140625,151.9770050048828,0.0007476634253668,0.0291946117010877,0.4305277847351296,4.401391016621085,1.0797068354078263,81.0,0.6491790506726969,3.5668170852756886,0.4320467133129301,0.062439132817172,True,False,5.324999809265137,4.170000076293945,49.650001525878906,3.443959602525982e+20,False,0.0015681116655207,M355-02,38758,38758,True
55,J043744-722749,SB38758_component_22a,69.435758,-72.46371,284.9095796733832,-35.626805556136965,A,124.98899841308594,129.98800659179688,0.0007884672590213,0.0291082618951941,0.4701996840470368,3.818112499169552,1.09759001769429,142.0,0.6273903336472533,1.9958257552220893,0.4661863903457573,0.0688008550029343,True,False,4.84499979019165,4.119999885559082,59.630001068115234,1.2908765071721189e+20,False,0.0018603934776789,M355-02,38758,38758,True
64,J043209-735432,SB38758_component_26a,68.039527,-73.909135,286.7274945771609,-35.37802919497322,A,112.2310028076172,121.74700164794922,0.0006546431196933,0.034043949463163,0.8326199205133888,4.577399136322021,1.1492846217677106,136.0,0.3166647012543218,5.054931664721211,1.149911789640221,0.145263136267564,True,False,4.929999828338623,4.224999904632568,50.709999084472656,1.763675046174602e+20,False,0.0140833375182314,M355-02,38758,38758,True
70,J043456-723956,SB38758_component_28a,68.734818,-72.665625,285.24273723364126,-35.73471083590996,A,91.28199768066406,99.10900115966795,0.0008218377028597,0.0276260586242785,0.4615550751713194,3.298286496558572,1.1073811798122029,108.0,0.6458261046408834,1.22807794734239,0.4372249992995007,0.0624987067650247,True,False,4.96999979019165,4.195000171661377,56.11000061035156,1.383153968118167e+20,False,0.0045636550092054,M355-02,38758,38758,True
71,J043453-723955,SB38758_component_28b,68.720778,-72.665431,285.2446842555679,-35.7385888691609,B,53.0629997253418,62.77299880981445,0.0005149267448492,0.0486798373081131,0.4797934096403994,1.9022513653253468,1.1653176617893033,77.0,0.6855242521489039,1.2294727895636024,0.3775714018325639,0.1017135385243737,True,False,5.135000228881836,4.420000076293945,64.33999633789062,1.383153968118167e+20,False,0.0022466620045553,M355-02,38758,38758,True
73,J044611-720510,SB38758_component_29a,71.547647,-72.086361,284.177787818625,-35.17968060925103,A,118.99700164794922,226.56300354003903,0.0005436208782002,0.0304896242530781,0.8912262294157143,10.221062624331102,1.0794244056247606,67.0,0.1881981762090463,2.499681247398694,1.6702597425842618,0.2279290573363965,True,False,7.300000190734863,5.010000228881836,111.37999725341795,1.901879382946338e+20,False,0.0037979377208401,M355-02,38758,38758,True
75,J035156-724538,SB38758_component_30b,57.986477,-72.760694,287.3798779966769,-38.43243725078121,B,16.232999801635742,19.79599952697754,0.000110767326011,0.1640065201198492,1.27072329099057,0.73146507798375,1.7339006181229466,88.0,0.4631773271323764,6.555793094673732,0.7696453022538808,0.3603975424740167,False,False,5.389999866485596,4.34499979019165,52.4900016784668,1.706423358629534e+20,False,-0.0044976453436453,M355-02,38758,38758,False
87,J043620-724610,SB38758_component_36a,69.084391,-72.769613,285.3056904255938,-35.59693308839922,A,98.6439971923828,109.69400024414062,0.0005381194762488,0.0464493980888459,0.5896307957859512,4.358411503450176,1.11003835659249,52.0,0.5204075608065388,2.236537282018311,0.6531430036127828,0.1254696852774155,True,False,5.03000020980835,4.244999885559082,53.88999938964844,1.1690388165009334e+20,False,0.0029174991975632,M355-02,38758,38758,True
88,J040958-750018,SB38758_component_37a,62.493989,-75.005148,288.80503446634003,-36.128143050136806,A,95.6060028076172,110.822998046875,0.000669858621422,0.029874895492673,0.4024341568174869,3.822942089686896,1.0834416315464432,38.0,0.6810074747289563,0.4978395353933447,0.3841819967857306,0.0570094181553572,True,False,5.159999847412109,4.315000057220459,30.8799991607666,2.7323103129809047e+20,False,-0.0066018161550318,M355-02,38758,38758,True
97,J040329-742124,SB38758_component_43a,60.874398,-74.356923,288.42769201057695,-36.84308987168224,A,79.94000244140625,90.1790008544922,0.0004455457846477,0.0457435627302895,0.7246552054246944,3.793755448473344,1.151166494247318,39.0,0.4265112888226235,5.173005636771952,0.8521164438833998,0.1545117421233967,True,False,5.074999809265137,4.264999866485596,42.400001525878906,2.935814431696735e+20,False,-0.0027455828942567,M355-02,38758,38758,True
106,J042656-721156,SB38758_component_48a,66.736431,-72.198904,285.04626861564907,-36.48060895502281,B,77.78500366210938,84.36000061035156,0.0004413530692634,0.0510558317862383,0.5877706094813359,2.8030028298800485,1.1545543444941049,75.0,0.5667837350127688,0.1722881905222166,0.5677774677439587,0.12571106010232,True,False,4.960000038146973,4.199999809265137,54.040000915527344,1.4558726507398336e+20,False,0.0015051329357749,M355-02,38758,38758,True
107,J042347-735736,SB38758_component_49a,65.94914,-73.960206,287.1114436583337,-35.86773004597601,B,76.9020004272461,103.43000030517578,0.0003650382515355,0.0429491285616074,0.5025067804357266,1.6214855404293056,1.1916877940716903,119.0,0.6891810136359637,6.287937775368584,0.37225132311763,0.0822650880177793,True,False,5.835000038146973,4.425000190734863,50.810001373291016,1.6125247636312352e+20,False,0.007221294812956,M355-02,38758,38758,True
109,J043853-750132,SB38758_component_50a,69.722264,-75.025812,287.7140410788744,-34.48605032802656,B,77.25800323486328,84.85299682617188,0.000382225885249,0.0579587205872476,0.4920512533086043,1.802577292731584,1.1755709841026427,108.0,0.6835197307940384,2.7051668345734217,0.3804997559428488,0.1135634348849302,True,False,5.03000020980835,4.190000057220459,53.290000915527344,3.264958408710635e+20,False,0.0023855426735702,M355-02,38758,38758,True
112,J042027-714841,SB38758_component_51a,65.115971,-71.811452,284.9035955334697,-37.103210571749926,B,77.2699966430664,107.43599700927734,0.0003647381695705,0.0520339753659973,0.4057122772469269,1.405702911000886,1.1686460432797712,102.0,0.7629337660328442,5.98558555202253,0.2705840587620548,0.0877459282668304,False,False,5.954999923706055,4.480000019073486,74.11000061035156,1.153278605420816e+20,False,0.0018287994132761,M355-02,38758,38758,False
118,J042651-743133,SB38758_component_55a,66.713279,-74.526109,287.602936867954,-35.416338705373995,A,44.55500030517578,39.93999862670898,0.0004705206120866,0.0583516379110775,0.7309277843061817,3.901309580576287,1.1491290791348543,59.0,0.4182012948286728,3.643104570214288,0.8717923957975793,0.1908785490188784,True,False,4.545000076293945,3.785000085830689,61.540000915527344,2.3793392408592463e+20,False,0.004285836728424,M355-02,38758,38758,True
121,J041623-722741,SB38758_component_57a,64.096576,-72.461665,285.80661856543776,-37.0637086637388,B,67.68900299072266,74.69599914550781,0.0003848308715089,0.0619341340398517,0.3987032156917586,1.6162303065893038,1.1523960695232276,82.0,0.753692853831469,4.571620769426255,0.2827703496272189,0.1058729433752814,False,False,5.0,4.235000133514404,46.52999877929688,1.4104953811805428e+20,False,0.005371318162451,M355-02,38758,38758,False
122,J043816-731000,SB38758_component_58a,69.567624,-73.166848,285.6779881352065,-35.30393458071625,B,66.10399627685547,72.11900329589844,0.0004375280967484,0.0559479065571749,0.6519548340372469,2.5620899539193203,1.1830259320991907,81.0,0.5310710980619439,1.4732496895023215,0.632859372048026,0.1394551118800196,True,False,4.980000019073486,4.204999923706055,56.650001525878906,1.2768686050875403e+20,False,0.0041434821124599,M355-02,38758,38758,True
123,J043816-731011,SB38758_component_58b,69.567296,-73.169947,285.6814974574983,-35.302746941004685,B,64.99400329589844,73.16699981689453,0.0003900099936134,0.046348357905907,0.5224943117711539,2.527048979583113,1.1481392276647406,98.0,0.6256449158935867,4.4068526910470975,0.4689722958231875,0.1013805498888296,True,False,5.054999828338623,4.275000095367432,47.709999084472656,1.2768686050875403e+20,False,0.0034544725260051,M355-02,38758,38758,True
125,J034828-732032,SB38758_component_60a,57.118973,-73.342375,288.1662655202441,-38.2839790021714,A,65.06300354003906,73.41600036621094,0.0003410871910845,0.0739571470976316,0.8329494809519498,3.4380633422066884,1.1876830988486504,59.0,0.3547336178967006,6.041167517919268,1.0363881432987656,0.2475677036751189,True,False,5.114999771118164,4.235000133514404,39.16999816894531,2.988292275032535e+20,False,-0.0008295478388369,M355-02,38758,38758,True
136,J042535-743245,SB38758_component_64a,66.396547,-74.546016,287.67360881359787,-35.4812517376451,A,65.57599639892578,125.93399810791016,0.0002786933007705,0.0339609256343178,0.5644918112879193,3.7776819451968,1.1181518187612771,102.0,0.5536600074733581,4.66617124116642,0.5912044855505378,0.0859270602235223,True,False,7.099999904632568,5.195000171661377,156.77000427246094,2.556161724204541e+20,False,0.0003458403466204,M355-02,38758,38758,True
137,J041602-721632,SB38758_component_65a,64.011621,-72.275736,285.61972178182305,-37.17782830271968,B,42.80099868774414,57.6349983215332,0.0003090040787888,0.0713212523471623,0.5498027637776269,2.3077398176894866,1.166217052755278,88.0,0.616414288977651,-0.4205279910974059,0.4838359944653866,0.1492366977591224,False,False,6.15500020980835,4.199999809265137,31.479999542236328,1.2580649118520238e+20,False,0.003615428958591,M355-02,38758,38758,False
139,J043207-724940,SB38758_component_66a,68.032757,-72.82781,285.53306356894245,-35.853900843631074,A,52.68399810791016,66.18800354003906,0.0003537565718899,0.0508970164792536,0.797728047682485,4.207118751569483,1.1531995112348918,72.0,0.3554714635524069,5.320324975189564,1.0343103042620012,0.1840820455394777,True,False,5.380000114440918,4.485000133514404,52.0,1.421149874481025e+20,False,0.0040458698990473,M355-02,38758,38758,True
140,J043208-724929,SB38758_component_66b,68.037166,-72.824951,285.5291885142027,-35.853965284422344,A,33.15999984741211,62.31100082397461,0.0001942735895082,0.0601321298121077,0.8087869904029914,3.3796294150763115,1.1846701886736914,94.0,0.3758831982707001,5.317961078756954,0.978476826748816,0.2036328017351041,True,False,7.005000114440918,5.150000095367432,21.540000915527344,1.421149874481025e+20,False,0.006675030814613,M355-02,38758,38758,True
141,J035644-720927,SB38758_component_67a,59.187112,-72.157727,286.48469300150833,-38.488273590311685,A,60.26800155639648,66.83100128173828,0.00032808435536,0.0798582074818235,1.0073601017986171,4.060586085808762,1.199059967505251,62.0,0.1916998657066338,7.981707208079009,1.6518243294699917,0.4203017296212143,True,False,4.974999904632568,4.28000020980835,38.29999923706055,7.437202184890724e+19,False,0.0020244772181003,M355-02,38758,38758,True
143,J041158-732747,SB38758_component_69a,62.993843,-73.463058,287.09145835499345,-36.83398005600061,B,58.66699981689453,63.71799850463867,0.0003271999944778,0.0631696625062814,0.4967617894557776,0.961117685134828,1.253305445777786,85.0,0.7565436563220085,-0.5255776658871618,0.2789950391279616,0.1068973290625876,False,False,4.989999771118164,4.179999828338623,48.18000030517578,1.4944429206987178e+20,False,0.0048187085814264,M355-02,38758,38758,False
144,J042844-725430,SB38758_component_70a,67.186089,-72.908454,285.75818072488715,-36.04229451606884,B,33.74599838256836,37.387001037597656,0.0003231170945005,0.0603521040522781,0.5636638469512527,1.8382637612191843,1.1985945966872118,81.0,0.6349307497359591,4.490068834867212,0.4542393415703552,0.1274047622055439,True,False,4.994999885559082,4.255000114440918,57.369998931884766,1.4932074174320086e+20,False,0.0045420343664906,M355-02,38758,38758,True
156,J041820-733133,SB38758_component_75a,64.586821,-73.525948,286.8720599525435,-36.41236076878897,B,52.89899826049805,71.93399810791016,0.0002187853551288,0.0682290332833315,0.623786744228542,1.7088861471018768,1.230274256781115,98.0,0.6064875125525727,2.254834729209557,0.5000711401709643,0.1449351097979414,True,False,5.385000228881836,4.849999904632568,91.3499984741211,1.2948366048827128e+20,False,0.0010404973238427,M355-02,38758,38758,True
162,J044034-742118,SB38758_component_79a,70.143542,-74.355267,286.91833868588765,-34.66707611921976,A,40.35599899291992,166.0709991455078,8.356967204812596e-05,0.0504646330244356,0.7143807402401376,3.7973280270141103,1.148912214511371,82.0,0.4345314742712334,5.145768558397584,0.8334868989917116,0.1489213610659543,True,False,16.510000228881836,4.784999847412109,69.87000274658203,2.631586153794963e+20,False,0.0011194407885137,M355-02,38758,38758,True
167,J042501-724714,SB38758_component_83a,66.256025,-72.787396,285.7791649518258,-36.34162313361151,B,49.14899826049805,82.072998046875,0.000205977225361,0.0703520055621445,0.6754741588504555,2.11444230104842,1.216884467123719,63.0,0.5414103082732634,0.6091901437649067,0.6135778619513087,0.1761588500026053,True,False,6.144999980926514,5.21999979019165,14.720000267028809,1.5109317205563946e+20,False,0.0056746938090062,M355-02,38758,38758,True
168,J042502-724641,SB38758_component_83b,66.258557,-72.778171,285.7685764485371,-36.34521778538308,B,21.82299995422364,27.95199966430664,0.0001992976293677,0.1085766703890547,0.696404789870101,1.9117549786840164,1.2391701207581844,55.0,0.5427653308880834,4.511603157382764,0.611078223938035,0.2421069081057069,False,False,5.340000152587891,4.605000019073486,45.06999969482422,1.5109317205563946e+20,False,0.0020964457807165,M355-02,38758,38758,False
170,J041334-743302,SB38758_component_84a,63.394631,-74.550815,288.1729585705992,-36.17090641728382,A,48.303001403808594,48.65599822998047,0.000358848017108,0.0655619606565648,0.8872713766305919,4.094648579157469,1.1741575229075614,46.0,0.2868861462769695,4.996252913050354,1.248669844797617,0.2880246172906704,True,False,4.775000095367432,4.050000190734863,48.720001220703125,3.0553610847439035e+20,False,-0.0115902488084307,M355-02,38758,38758,True
173,J041755-753016,SB38758_component_86a,64.482455,-75.504631,288.9964930385321,-35.43431042275151,B,46.45500183105469,62.60100173950195,0.000281249071477,0.065217177681758,0.8647469960173211,1.854377504560013,1.3029546703741337,258.0,0.4382076743568127,3.530594994770101,0.8250623386085126,0.2011626725833203,True,False,5.300000190734863,4.880000114440918,93.5199966430664,2.9303647909851808e+20,False,0.0275347811015636,M355-02,38758,38758,True
174,J041752-753009,SB38758_component_86b,64.469338,-75.50265,288.9964929046667,-35.43814516626387,B,42.14599990844727,57.867000579833984,0.0003353492396765,0.0509137086066992,0.6277767090953862,2.855965273447828,1.1628066293589976,69.0,0.5350299202636114,4.507843709350884,0.6254326079235392,0.1267859026430592,True,False,5.559999942779541,4.744999885559082,112.36000061035156,2.9303647909851808e+20,False,-0.0021894537510723,M355-02,38758,38758,True
177,J040440-724023,SB38758_component_87a,61.167751,-72.67309,286.60641057142635,-37.70445401690321,A,27.02499961853028,29.724000930786133,0.0002937992311028,0.0617227374268723,0.9911250116065866,4.32676040446526,1.1860652509874026,89.0,0.1949402393808159,6.061118831928252,1.635062232102062,0.3578534785008571,True,False,4.980000019073486,4.239999771118164,49.93000030517578,1.0400173418592902e+20,False,0.0009935619638533,M355-02,38758,38758,True
184,J044859-743533,SB38758_component_93a,72.249042,-74.592637,286.910817384354,-34.055609481081,B,41.584999084472656,110.30599975585938,0.0001254255664495,0.0776105893546933,0.7917491347905266,2.3829118118651924,1.2340436815448612,107.0,0.4422945467543346,4.141768071130311,0.8157792234754413,0.2228446350285182,True,False,11.114999771118164,4.579999923706055,53.220001220703125,4.334321347447021e+20,False,0.0040564437834445,M355-02,38758,38758,True
190,J044330-750608,SB38758_component_97a,70.876124,-75.102459,287.64776411013406,-34.183860147019274,B,41.80500030517578,45.4739990234375,0.000265040827488,0.1021517327234163,1.3008333783464556,2.72340305320384,1.3493667915503105,108.0,0.0485334132038548,3.6315754533259312,3.0255027862051933,1.4063941290105213,True,False,4.980000019073486,4.195000171661377,55.0,2.6672045213853512e+20,False,0.0064034414960269,M355-02,38758,38758,True
193,J044115-744900,SB38758_component_100a,70.314115,-74.816638,287.4052890717944,-34.43455327527613,B,41.28400039672852,46.76599884033203,0.0002209330274881,0.0767600678878852,0.9535279288679508,2.3796548567164715,1.2821376647301663,84.0,0.3286097358622156,3.487424689841224,1.1128844455092497,0.2885708508555248,True,False,5.130000114440918,4.239999771118164,53.290000915527344,3.966727721054894e+20,False,0.0024679276299077,M355-02,38758,38758,True
196,J043508-760432,SB38758_component_102a,68.786444,-76.075605,288.98045031761694,-34.23383642624867,B,38.33300018310547,41.83599853515625,0.0002017979242692,0.1111251300793756,1.3322574404284635,2.342522415548658,1.3985784610541738,89.0,0.0663210206257101,3.494407461252384,2.7132483788629265,1.2518289389365045,True,False,4.989999771118164,4.199999809265137,52.310001373291016,1.081049730001194e+20,False,0.0092368487321254,M355-02,38758,38758,True
207,J035627-725014,SB38758_component_108a,59.112651,-72.837399,287.2110781276417,-38.117424680547394,A,39.38800048828125,48.29199981689453,0.0001845519515283,0.0826397405198705,0.909432704384001,3.0837135752446567,1.2226974756253606,89.0,0.3132647712413595,7.4186507712695455,1.1607065315168834,0.2917783653174209,True,False,5.360000133514404,4.389999866485596,51.959999084472656,1.4642086902544251e+20,False,0.0060648449298046,M355-02,38758,38758,True
211,J035754-722708,SB38758_component_110a,59.475007,-72.452241,286.730451156905,-38.248964582815454,B,37.01399993896485,41.33000183105469,0.0001675666048757,0.1389721461135894,0.7773581524025344,0.7608482072747823,1.44146800910547,116.0,0.6641098567029358,-0.6788439129612234,0.4093076963487518,0.2246055818082266,False,False,5.039999961853027,4.255000114440918,43.18999862670898,9.837048558753373e+19,False,0.001550888666067,M355-02,38758,38758,False
214,J043900-732647,SB38758_component_112a,69.752582,-73.446638,285.9634757264177,-35.14049329642246,B,36.95600128173828,40.382999420166016,0.0001945358205442,0.1358711790226749,0.8990191069059539,1.5463795912275449,1.3530577726915254,94.0,0.4540386657855715,2.6187312099718256,0.7895729176387143,0.3592796783884383,False,False,4.920000076293945,4.264999866485596,54.09999847412109,1.0961565718435829e+20,False,5.880851204506355e-06,M355-02,38758,38758,False
215,J035845-720848,SB38758_component_113a,59.690826,-72.146799,286.3618583282968,-38.36705702669706,B,38.104000091552734,42.35100173950195,0.0002069349842403,0.1095493415630455,1.267008054543283,2.8638661416950724,1.327911994898314,66.0,0.0609039403550311,7.902713527284446,2.798457404306316,1.1892720478340018,True,False,5.019999980926514,4.25,48.220001220703125,9.109409796938826e+19,False,0.0032124352374063,M355-02,38758,38758,True
216,J034235-723500,SB38758_component_114a,55.648261,-72.583088,287.7444349812981,-39.09249104463225,B,38.07699966430664,94.56400299072266,0.0001112067186734,0.1051022079546707,0.6516447759815036,1.2854185983635422,1.2851314750164846,93.0,0.633486699034981,5.822718477130999,0.4565162754398138,0.1760279181007427,False,False,10.005000114440918,4.764999866485596,162.6699981689453,2.20487235542095e+20,False,0.0006968890657813,M355-02,38758,38758,False
217,J040832-721841,SB38758_component_115a,62.136634,-72.311405,286.02346154118584,-37.65070165766553,A,32.138999938964844,38.18899917602539,0.0002672729619584,0.0702663061784451,1.1669164564629977,3.991466140437426,1.2337823043633298,78.0,0.0668658479003323,5.709646633178025,2.705066936958112,0.8961421335949784,True,True,5.065000057220459,4.5,67.02999877929688,1.1923247475478276e+20,False,0.0087711656555002,M355-02,38758,38758,True
218,J040835-721844,SB38758_component_115b,62.145653,-72.312262,286.022571433884,-37.64791831239109,A,15.77299976348877,30.475000381469727,0.0001622203147168,0.0568489583661616,1.121773406504617,4.337054086770826,1.2101858793758906,100.0,0.0884124728712736,6.686134417806141,2.425742223462732,0.6244876684304754,True,False,6.869999885559082,5.400000095367432,154.6999969482422,1.1923247475478276e+20,False,0.0065821755117429,M355-02,38758,38758,True
222,J042549-724330,SB38758_component_118a,66.455595,-72.725173,285.6768112238471,-36.31770249673992,B,35.7140007019043,38.400001525878906,0.0001944611011844,0.140631849033849,0.8064288670555916,1.16466450255259,1.3725421958481991,46.0,0.5661133287926076,-0.4313913679764955,0.5689609932730377,0.2988927322062189,False,False,4.940000057220459,4.175000190734863,52.2400016784668,1.2106387444115074e+20,False,-0.0013569469811911,M355-02,38758,38758,False
228,J041012-725709,SB38758_component_122a,62.550668,-72.952513,286.6298638352893,-37.20977953560256,B,32.66899871826172,36.80899810791016,0.0001800661583307,0.1338735548772293,0.9566756471019676,1.6689648795798375,1.3584444495397678,71.0,0.4017688024378,327.5390886132409,0.91187847412102,0.287589889688215,False,False,5.125,4.21999979019165,40.29999923706055,1.5772759914004654e+20,False,0.0075131608462745,M355-02,38758,38758,False
235,J044845-735145,SB38758_component_127a,72.189507,-73.862664,286.10105682927025,-34.34645307984058,B,29.22900009155273,34.73500061035156,0.0001691828454168,0.1471746489674724,1.1111714888787323,0.9639044733877642,1.5657971168841758,92.0,0.4546256280054432,3.646420892639406,0.7882809943057028,0.3797028383100798,False,False,5.195000171661377,4.394999980926514,58.09999847412109,4.05219908387785e+20,False,0.0024335849381862,M355-02,38758,38758,False
236,J044843-735148,SB38758_component_127b,72.180429,-73.863526,286.10317003818403,-34.34846923675964,B,16.610000610351562,19.614999771118164,0.0001407792190925,0.1429243296525039,0.905238944286273,1.1159556338911731,1.427815654443363,105.0,0.5225767101570898,5.602155805677118,0.6489834922214676,0.3169132307237322,False,False,5.360000133514404,4.230000019073486,59.560001373291016,4.05219908387785e+20,False,0.0041852039722407,M355-02,38758,38758,False
237,J035217-735700,SB38758_component_128a,58.070734,-73.950177,288.57289162626506,-37.70215114122527,C,29.968000411987305,31.952999114990234,0.0001450791365428,0.1260042156803451,1.5238731673836976,1.8652275754503915,1.5318506566251222,136.0,0.0079774892414246,6.265150090795214,4.83113154842768,3.1418312863435176,False,False,4.894999980926514,4.184999942779541,44.220001220703125,2.707073605245781e+20,False,0.0140978624030548,M355-02,38758,38758,False
242,J044745-725429,SB38758_component_129a,71.94087,-72.908167,285.05726157354064,-34.76736071791273,B,31.01099967956543,33.89099884033203,0.0001643186190826,0.1382995066890092,0.9659130338647932,0.9414851996565478,1.4975124374039344,109.0,0.5315994035391411,3.995232218219462,0.6318650741543211,0.3154603056541558,False,False,4.965000152587891,4.224999904632568,60.59999847412109,2.288649556819811e+20,False,-0.0002843591319161,M355-02,38758,38758,False
245,J040747-732016,SB38758_component_132a,61.945775,-73.33789,287.1567156285941,-37.15428428028743,B,30.525999069213867,33.83399963378906,0.0001715650349779,0.1217116051877945,0.8724010609434714,0.8806807382768697,1.4638751507301493,131.0,0.5914740897866779,2.458797672704866,0.525137400772195,0.255734359284562,False,False,5.005000114440918,4.255000114440918,43.220001220703125,2.094106757022213e+20,False,0.0147721318859188,M355-02,38758,38758,False
252,J042402-724748,SB38758_component_137a,66.012063,-72.796688,285.83096486886865,-36.40125354190018,A,24.49399948120117,276.427001953125,3.0849983775668786e-05,0.045687379193826,0.5313484285986613,3.417685026921118,1.1202775719320537,79.0,0.5889291433333924,-0.3335013977195776,0.5294494025104755,0.1046340947312687,True,False,17.229999542236328,12.574999809265137,168.6699981689453,1.8651924172762182e+20,False,0.0020056738484377,M355-02,38758,38758,True
264,J040847-750741,SB38758_component_143a,62.199692,-75.128298,288.98403245922185,-36.1244171148539,B,23.926000595092773,26.65900039672852,0.0016967545472164,0.013795922586862,0.0895984598362851,1.8243846432919144,1.0317231790822423,79.0,0.9421247192459574,228.2862558487652,0.0596176148193887,0.0148453581682462,False,False,7.894999980926514,2.7100000381469727,98.80999755859376,2.7566419515287952e+20,False,0.0016823890065594,M355-02,38758,38758,False
265,J040844-750737,SB38758_component_143b,62.186808,-75.127046,288.98498493195785,-36.12786836413467,B,15.392999649047852,23.496999740600582,0.001321219592128,0.0107486030567709,0.1012135017867452,2.314345531459471,1.0305380054149562,94.0,0.929324503628211,0.608635170579364,0.0732972969323882,0.0153079633834077,True,True,9.739999771118164,3.009999990463257,120.33000183105467,2.7566419515287952e+20,False,0.0012282536851006,M355-02,38758,38758,True
274,J043936-742128,SB38758_component_148a,69.902198,-74.357836,286.95408252083286,-34.72519793756927,B,27.07699966430664,31.863000869750977,0.000123393004021,0.2048555722303237,1.183077115941023,0.9136712676611954,1.6182237962881303,65.0,0.4351466803471073,-1.669968699352525,0.8320721085310684,0.4332008396574381,False,False,5.054999828338623,4.465000152587891,57.56999969482422,2.631586153794963e+20,False,0.0163620927049005,M355-02,38758,38758,False
277,J041204-743550,SB38758_component_150a,63.020132,-74.597306,288.2870763624764,-36.2309414338055,B,27.32299995422364,28.58799934387207,0.0001825105350579,0.1572808174202187,1.174157636269712,1.6337469866753245,1.4458126168572838,84.0,0.2716549805875717,6.04533548346255,1.3032224715766765,0.5974195362388766,False,False,4.800000190734863,4.184999942779541,43.40999984741211,3.164073577658508e+20,False,0.0143922108997406,M355-02,38758,38758,True
279,J044036-744642,SB38758_component_152a,70.152484,-74.778429,287.3845750877396,-34.48900229083025,B,24.05599975585937,58.14099884033203,0.0001000439375807,0.102710236354484,0.8105001173665273,2.1910584950313945,1.2539909934676874,63.0,0.4434908761011601,3.476254937686216,0.8130780499330481,0.2856348366169382,False,False,8.255000114440918,5.619999885559082,163.8300018310547,4.240029335983468e+20,False,0.0021218597627496,M355-02,38758,38758,False
283,J040532-733554,SB38758_component_153a,61.386774,-73.598471,287.5396190498827,-37.14664657501452,B,26.972999572753903,33.2599983215332,0.0001376059570292,0.1252946605142008,0.9758129145326964,1.4688020646302118,1.3952576549221487,111.0,0.4194447403894522,2.6900372552687912,0.8688234890712233,0.3570445025219432,False,False,5.230000019073486,4.525000095367432,38.369998931884766,3.0156331758192925e+20,False,0.0042499351647416,M355-02,38758,38758,False
288,J040907-721916,SB38758_component_156b,62.279426,-72.321267,286.0054568431633,-37.60856738961545,B,18.042999267578125,39.31499862670898,9.367315039814524e-05,0.090974764872948,1.2471663991605757,2.6130112042846867,1.3451875260396522,170.0,0.0980211268790766,6.673837673705886,2.3225722431469387,0.812184319024637,True,False,7.039999961853027,5.945000171661377,49.06999969482422,1.1923247475478276e+20,False,0.0044705623896393,M355-02,38758,38758,True
291,J044505-735010,SB38758_component_157a,71.270975,-73.836335,286.18999812651333,-34.592614755350866,B,25.68000030517578,27.702999114990234,0.0001488914864882,0.1750168724583125,1.0796395466135758,1.0668666465940262,1.5223556867554593,100.0,0.4427161401418835,303.70213457409415,0.8148264814901032,0.3337386225233951,False,False,4.949999809265137,4.184999942779541,55.84000015258789,2.282704365782614e+20,False,-0.0020680500493728,M355-02,38758,38758,False
292,J044334-742817,SB38758_component_158a,70.8919,-74.471609,286.9476724535612,-34.436027321302745,B,19.82999992370605,42.82400131225586,9.220457304320184e-05,0.1093634008012618,1.1874171522322832,2.058296730379407,1.388260936369302,154.0,0.2008437841370188,5.15562013063328,1.6052278664425503,0.5611841758403353,False,False,6.760000228881836,6.130000114440918,135.0500030517578,4.1510334036428666e+20,False,0.0058799766501897,M355-02,38758,38758,False
295,J040939-731456,SB38758_component_160a,62.412468,-73.249163,286.9729379217499,-37.08796745662222,B,25.73600006103516,27.378999710083008,0.0001497291898203,0.1804513923256502,1.3632699377376607,0.9861233409381782,1.6863974203604584,65.0,0.3231274826227976,-0.5865868162794795,1.1297083505836276,0.5621129491741911,False,False,4.965000152587891,4.114999771118164,50.43999862670898,1.7914552220947277e+20,False,0.0184028329233742,M355-02,38758,38758,False
299,J043157-724449,SB38758_component_164a,67.988833,-72.746973,285.450081151674,-35.900618588785434,B,24.608999252319336,26.16399955749512,0.0001223892901151,0.1624166935835643,1.396147725229186,1.385212564580643,1.585334718574506,124.0,0.1891869933453197,5.272054121223948,1.665019370259578,0.7933915116695116,False,False,4.925000190734863,4.144999980926514,51.97999954223633,1.378608338500707e+20,False,0.0028198195812031,M355-02,38758,38758,False
302,J042638-735903,SB38758_component_167a,66.660676,-73.984214,287.02303892412647,-35.68326545955326,B,23.9950008392334,25.86100006103516,0.0001458033534845,0.1582473160559347,1.3022200811308906,1.353640485562715,1.5532790964120216,109.0,0.2510590152811308,3.2949058030530725,1.382067246844924,0.6758005700643183,False,False,4.960000038146973,4.175000190734863,50.380001068115234,1.587760137902084e+20,False,0.005831427778376,M355-02,38758,38758,False
311,J035555-723214,SB38758_component_172a,58.982679,-72.537316,286.9272001119336,-38.32188665913709,B,24.32200050354004,25.95400047302246,0.0001292014495533,0.1990057495690275,1.3379579446090353,0.9257363819760056,1.6947773107117348,100.0,0.3568193661026995,9.213229055928707,1.0305256025555716,0.4868468277807736,False,False,4.929999828338623,4.15500020980835,43.15999984741211,1.0148912609270946e+20,False,0.0012177892670346,M355-02,38758,38758,False
312,J041420-753358,SB38758_component_173a,63.585016,-75.566123,289.20510567479045,-35.59304203833135,B,24.33799934387207,23.042999267578125,0.0001957292525043,0.1321270789160719,0.8321017019590643,1.5215590601137676,1.3299949285826054,55.0,0.4978932266235411,371.0757196583994,0.6973696293157865,0.2354192019690957,False,False,4.559999942779541,3.990000009536743,49.130001068115234,3.426263801671139e+20,False,-0.0190933723638635,M355-02,38758,38758,False
313,J040455-732752,SB38758_component_174a,61.228991,-73.464659,287.4299401929163,-37.257437172034734,B,22.874000549316406,23.81100082397461,0.0001129835614381,0.1826844533632063,1.4779117174519962,0.783412532645239,1.8286987392983551,84.0,0.3507870218463589,0.6737683278963523,1.0475760150454434,0.5566943731022305,False,False,4.925000190734863,4.059999942779541,50.18999862670898,2.621276725828852e+20,False,0.0033239012661425,M355-02,38758,38758,False
319,J040513-723724,SB38758_component_180a,61.306053,-72.623342,286.52532523852824,-37.696698039308096,B,20.7450008392334,22.86800003051757,0.0001700627979339,0.1232512021981471,1.1610479308061237,1.5168204666597425,1.461315356493042,117.0,0.3002674256869185,6.012202600605815,1.2030817824474611,0.4433423205740041,True,False,5.09499979019165,4.15500020980835,45.52000045776367,1.1142046595067814e+20,False,0.0009197094066323,M355-02,38758,38758,True
321,J035957-722735,SB38758_component_181a,59.991422,-72.45982,286.6268954997033,-38.11606006589537,B,21.847999572753903,30.39200019836425,0.0001035511343106,0.1521797236296637,1.023525719968143,1.231080108984234,1.4587579423287196,83.0,0.4352322223605769,8.047566139542162,0.8318755458306654,0.366048994114845,False,False,5.369999885559082,4.974999904632568,151.2100067138672,1.1465486155428889e+20,False,-0.0020680265423555,M355-02,38758,38758,False
323,J040841-730557,SB38758_component_183a,62.172327,-73.099373,286.8596893086,-37.2262514799852,B,21.624000549316406,24.052000045776367,0.0001177146190534,0.1759048327194858,1.0620664081403823,1.1288086016470655,1.4989017835227922,72.0,0.4368353753824098,-88.59367581799934,0.828198870233668,0.3383846332822031,False,False,5.119999885559082,4.170000076293945,45.0,1.5628134044920476e+20,False,0.0044837339035879,M355-02,38758,38758,False
326,J042221-742858,SB38758_component_186a,65.591215,-74.482801,287.7332691946412,-35.700055951130345,B,17.850000381469727,26.54700088500977,0.0001243361306168,0.112784299537345,1.2149859138080794,1.4593975961916936,1.4940176877823457,196.0,0.2790317739742661,3.733188666218077,1.2764296184327764,0.4748082333429031,False,False,5.690000057220459,5.014999866485596,27.3700008392334,2.4061307348355324e+20,False,0.0213290128052146,M355-02,38758,38758,False
331,J035359-731710,SB38758_component_188a,58.49632,-73.286335,287.8072448876662,-38.00149280306964,C,21.2509994506836,23.136999130249023,8.312505561417954e-05,0.2842530482644994,1.6801761377051283,0.7015101045105467,1.987461745452546,127.0,0.3072856077474175,-14.7045685629707,1.1799776454773945,0.6643910539955467,False,False,5.0,4.179999828338623,43.59000015258789,1.9902256428643303e+20,False,0.0232279060755711,M355-02,38758,38758,False
333,J041705-724543,SB38758_component_190a,64.274051,-72.762004,286.10074033119326,-36.86930784573234,C,22.0310001373291,23.763999938964844,0.0001153163816303,0.1868329512650649,1.5811637440436213,1.3951726208995998,1.6601460497029872,110.0,0.0789823056593659,-3.078202805459106,2.538531430597524,1.329344011114086,False,False,4.929999828338623,4.204999923706055,46.95000076293945,1.355782181768652e+20,False,0.0019975263458442,M355-02,38758,38758,False
335,J043755-730300,SB38758_component_192a,69.479843,-73.050139,285.56043646196014,-35.375183180094204,C,20.636999130249023,24.371999740600582,8.047122547165556e-05,0.220583869146652,1.83231619058652,1.0768692940069144,1.8822491602499565,112.0,0.0499329696634363,5.313092695973668,2.997073779702401,1.972127864673096,False,False,5.320000171661377,4.264999866485596,62.90999984741211,1.3713600126448063e+20,False,0.0021443084981485,M355-02,38758,38758,False
336,J044602-723403,SB38758_component_193a,71.509675,-72.567527,284.72941407758503,-35.012493272413224,B,20.777999877929688,23.45800018310547,0.0001089956407385,0.2428310237169107,1.4132240990010576,1.4988667425316728,1.565546003293189,38.0,0.1523219042921312,361.44978747531735,1.881759206099352,0.9532767766079916,False,False,5.085000038146973,4.260000228881836,59.40999984741211,2.3739662430398064e+20,False,-0.0175403949237078,M355-02,38758,38758,False
347,J043535-741033,SB38758_component_200a,68.897561,-74.176001,286.8945997042171,-35.049062497847935,B,20.989999771118164,22.57699966430664,0.0001054001059598,0.2460134309901192,1.3449524894759668,1.4736165002632335,1.5437190806791763,73.0,0.1987665912032095,2.2138907408858213,1.6156240511797717,1.0168023852709718,False,False,4.889999866485596,4.224999904632568,47.2400016784668,2.2715075251886752e+20,False,0.0165358497259975,M355-02,38758,38758,False
348,J040519-733143,SB38758_component_201a,61.330513,-73.528628,287.4772436853864,-37.19823316828652,C,20.132999420166016,22.47699928283692,7.885136642384828e-05,0.2748481012707378,1.8940392715810093,0.8108023137725764,2.0459668938875053,170.0,0.1519276223064958,208.83570867940173,1.884351040576549,1.048950496322876,False,False,5.005000114440918,4.284999847412109,38.56999969482422,2.915542076795832e+20,False,0.0151719829615936,M355-02,38758,38758,False
351,J043853-750900,SB38758_component_202a,69.721467,-75.149921,287.8501953853473,-34.43313361555974,B,20.43899917602539,23.28700065612793,0.0001065952208585,0.2304496871852675,1.411584028840562,1.1652674096482651,1.6519213389305414,49.0,0.2403373100899793,283.2345129026656,1.425711883664556,0.673167980756213,False,False,5.065000057220459,4.320000171661377,42.59999847412109,2.744535582764724e+20,False,-0.0040924218001065,M355-02,38758,38758,False
352,J044038-751357,SB38758_component_203a,70.1617,-75.232758,287.88305157865256,-34.2960679994953,B,19.98900032043457,22.427000045776367,0.0001214721724772,0.2400200014663624,1.395213688906951,1.1823519726031706,1.6393165293326637,59.0,0.2441028404257124,2.8054994167735714,1.4101656653309222,0.8808944988817629,False,False,4.920000076293945,4.380000114440918,53.63999938964844,2.418167535622978e+20,False,-0.0016932432162428,M355-02,38758,38758,False
359,J042440-742453,SB38758_component_208a,66.16722,-74.414892,287.5681237603674,-35.59783189957063,B,18.97900009155273,27.03400039672852,0.0001023748159684,0.1721344609192671,1.3632312261910542,1.5786216939129605,1.5286666242702716,70.0,0.1654353980792173,3.6277918282509343,1.799174504301265,0.9443464445191132,False,False,5.690000057220459,4.804999828338623,68.33999633789062,2.376918370232788e+20,False,0.0045837256024956,M355-02,38758,38758,False
360,J035851-742039,SB38758_component_209a,59.713029,-74.344384,288.63898931488694,-37.10729174002577,C,20.066999435424805,24.388999938964844,9.526420586642016e-05,0.2087041791901966,1.7975966760736126,1.1219731789848804,1.8471344943829853,131.0,0.0495378183093727,4.3324379101772506,3.005018894861748,2.054437702824906,False,False,5.519999980926514,4.230000019073486,50.369998931884766,2.9195168613831105e+20,False,0.0114257491819722,M355-02,38758,38758,False
369,J044657-740756,SB38758_component_216a,71.738088,-74.132371,286.4605148979774,-34.35913202924183,C,19.516000747680664,20.871999740600582,9.679128150465414e-05,0.3104656654464116,1.6017325844752024,1.0245524084977728,1.7911539250612412,74.0,0.1894213405860388,-107.52560134922317,1.66378142988878,0.9704082358546148,False,False,4.920000076293945,4.175000190734863,55.18999862670898,3.837851008769021e+20,False,0.007698370162179,M355-02,38758,38758,False
376,J035936-713539,SB38758_component_222a,59.901874,-71.594384,285.72878716396,-38.619969082173895,C,18.52499961853028,19.97699928283692,8.791076488816499e-05,0.2292969280427885,1.599927889502572,0.6731896423173614,1.9562143160811567,189.0,0.3562864265785851,166.8204186442925,1.032020302581305,0.4968735613569275,False,False,4.945000171661377,4.190000057220459,44.369998931884766,9.80401724897647e+19,True,0.0194768213322459,M355-02,38758,38758,False
381,J034643-722608,SB38758_component_225a,56.680647,-72.435748,287.34839343332146,-38.93986675561056,C,16.841999053955078,25.788000106811523,7.31511090191084e-05,0.3084565086184216,1.983040385947316,0.8509061075187394,2.071388968836302,100.0,0.0883485828889861,-106.79128735220286,2.426465120084898,1.5021619667339727,False,False,5.829999923706055,5.045000076293945,162.69000244140625,1.5774523154460063e+20,False,-0.0004166815062226,M355-02,38758,38758,False
383,J042544-742029,SB38758_component_227a,66.433182,-74.341422,287.4467256306544,-35.56990575917644,B,16.510000228881836,17.172000885009766,0.0001047093390037,0.2156998282296936,1.483997902488635,0.9023801946191364,1.7800743020170775,95.0,0.2960763995284425,2.5747073482813865,1.217137751446824,0.7379889030662059,False,False,4.900000095367432,4.074999809265137,53.34999847412109,2.3260210142338813e+20,False,-0.0092234094715048,M355-02,38758,38758,False
387,J043421-762321,SB38758_component_230a,68.590966,-76.389421,289.3437453901734,-34.13223248941105,C,17.332000732421875,25.187000274658203,7.033166126395217e-05,0.2849522973690099,1.791825857615779,1.2007324706176736,1.8141952197910145,92.0,0.0223693621752354,3.4774698775451687,3.8000630163928286,2.9957709278920133,False,False,5.659999847412109,4.929999828338623,38.0099983215332,1.0352856459366456e+20,False,0.0036698655707118,M355-07,38758,38758,False
389,J034921-743439,SB38758_component_231a,57.338905,-74.577774,289.35311211485856,-37.47626358349481,C,17.41900062561035,25.01000022888184,7.037266622563305e-05,0.2097328412942167,1.7810134317821715,0.8623037153946667,1.9563496099263984,162.0,0.1753361781442265,-111.50614887590768,1.7410501298869774,0.7867676718598213,False,False,5.710000038146973,4.829999923706055,81.76000213623047,3.300322334641861e+20,False,0.0186509116079308,M355-02,38758,38758,False
390,J045004-722132,SB38758_component_232a,72.516478,-72.359149,284.3583529098631,-34.80548378742207,B,16.09000015258789,27.827999114990234,6.511423802150115e-05,0.234858176053919,1.4970183939008104,0.9207160638148894,1.7794064006147068,67.0,0.2823880067138963,7.474775980847117,1.264473243408316,0.6811551744916441,False,False,7.389999866485596,4.489999771118164,52.31999969482422,1.6964871091776343e+20,False,0.0043532375328339,M355-02,38758,38758,False
395,J042202-720415,SB38758_component_236a,65.511389,-72.070873,285.1186029715059,-36.873364101106304,B,15.67099952697754,23.08799934387207,9.528416695702174e-05,0.2147188508125384,1.031375140163343,1.2027131495637426,1.4682294380308265,54.0,0.4368542978674833,7.0784827466207645,0.8281555539724008,0.4814449553305799,False,False,5.90500020980835,4.789999961853027,59.52999877929688,9.64286448608244e+19,False,-0.003295375298493,M355-02,38758,38758,False
397,J040735-740917,SB38758_component_237a,61.899525,-74.154764,288.02518491306535,-36.723448984914434,C,17.541000366210938,17.697999954223633,8.342018284610077e-05,0.2905698334184074,1.7135493071545995,1.027817135430175,1.8450216132487176,116.0,0.1314723060941179,0.038051281431457,2.028959049588352,1.3939560582248536,False,False,4.744999885559082,4.079999923706055,48.790000915527344,2.311489723875134e+20,False,0.0221083538829059,M355-02,38758,38758,False
398,J041122-714350,SB38758_component_238a,62.843047,-71.730613,285.2522872771248,-37.76301281079418,C,16.8700008392334,18.100000381469727,8.716896483136338e-05,0.2474603234074341,1.5816237673899192,1.5262091082853213,1.626085846259756,90.0,0.0444620788698369,-6.470145051779443,3.1131186133332576,1.9577259601885448,False,False,4.929999828338623,4.179999828338623,47.81999969482422,1.1828853546801716e+20,False,0.0058790529265229,M355-02,38758,38758,False
403,J034959-725920,SB38758_component_241a,57.498133,-72.988969,287.723171235024,-38.41123855687096,B,16.132999420166016,34.22100067138672,6.152041863715124e-05,0.160515858283601,1.1529779320464546,1.0194549647833255,1.5709352038806974,117.0,0.4179572718342428,362.4461680999541,0.8723760721744934,0.3250831535737403,False,False,8.734999656677246,4.664999961853027,88.77999877929688,2.275179108856381e+20,False,0.0067349649130204,M355-02,38758,38758,False
409,J041527-715448,SB38758_component_244a,63.86421,-71.913441,285.2514762574933,-37.39571346112234,B,16.514999389648438,18.01099967956543,9.311821165793822e-05,0.2560045682942631,1.3728005847589224,0.9607713416965016,1.70013293012083,66.0,0.3273323453619073,335.51647734972425,1.1167792775429812,0.5779537511864745,False,False,4.945000171661377,4.235000133514404,49.34000015258789,1.3189495870025245e+20,False,-0.0093042047685782,M355-02,38758,38758,False
417,J041412-733543,SB38758_component_249a,63.553923,-73.595347,287.1302267835308,-36.62964922958656,B,15.321000099182127,29.15999984741211,6.0595607825545326e-05,0.2098983624670286,1.199211429315286,0.853530885970234,1.6469875621670889,79.0,0.4477761328518028,21.96433549084988,0.8034618749163293,0.3856469418803712,False,False,7.269999980926514,5.03000020980835,67.91000366210938,1.1795534177200095e+20,False,0.0074294425781994,M355-02,38758,38758,False
419,J043031-731243,SB38758_component_250a,67.62907,-73.211987,286.0226572807446,-35.79147144259421,B,16.07900047302246,28.0939998626709,6.19805126439687e-05,0.1802386021628476,1.3184117480148736,0.6285283663059716,1.809572479849066,107.0,0.4911607318341923,-2.2005711703340785,0.710983848679142,0.3565286306587453,False,False,6.494999885559082,5.164999961853027,169.27000427246094,1.804885578851897e+20,False,0.0010476646199924,M355-02,38758,38758,False
440,J043837-732920,SB38758_component_265a,69.654287,-73.489122,286.0249091058225,-35.14847674998547,C,15.355999946594238,16.319000244140625,8.543430985865575e-05,0.2476280445909837,1.822247576418576,1.0399679990510915,1.893272628426627,87.0,0.0710250520080512,5.588521141047939,2.644722618992224,1.76222747505459,False,False,4.934999942779541,4.135000228881836,51.61000061035156,1.1117515059001192e+20,False,-0.0025267257026513,M355-02,38758,38758,False
446,J044404-725011,SB38758_component_271a,71.016544,-72.836612,285.1013324777624,-35.046489762571966,C,15.116000175476074,18.16900062561035,7.390597810316227e-05,0.2848207227475319,1.5847195017356972,0.8537938877634439,1.854852048113948,116.0,0.2701325463782502,235.625622504454,1.3088425279298503,0.7344599822080092,False,False,5.239999771118164,4.40500020980835,46.75,2.3739405532955548e+20,False,0.0002562768975135,M355-02,38758,38758,False
447,J044551-732703,SB38758_component_272a,71.465461,-73.450935,285.7321787911829,-34.69090713570488,B,15.286999702453612,17.80699920654297,8.636202800871838e-05,0.2286674869132944,1.434666551210605,0.7877987370381414,1.8024765436334445,120.0,0.3678099924228395,351.30356338955545,1.0001887990927634,0.4834750062604884,False,False,5.050000190734863,4.429999828338623,67.16999816894531,1.4031774358084792e+20,False,0.0050287066429151,M355-02,38758,38758,False
458,J034620-750442,SB38758_component_279a,56.584984,-75.078519,290.00004905303564,-37.31653679325717,C,15.461999893188477,16.85700035095215,6.482093840670531e-05,0.2876636161970117,2.3226423207793907,0.7365692563691172,2.3374890245584887,124.0,0.014846703779098,2.2334121383577585,4.209977406109416,3.4071686952665967,False,False,5.039999961853027,4.150000095367432,44.54999923706055,4.904353938898385e+20,False,0.0061714150752193,M355-07,38758,38758,False
0,J040930-753342,SB38758_component_4a,62.377539,-75.561866,289.40115207097534,-35.84857311219919,A,422.1289978027344,487.2369995117188,0.002482607064303,0.0091114693921563,0.2002886712875687,8.27466005339085,1.0215952574147815,65.0,0.821306586127213,2.324899133750063,0.196858809118974,0.0155062898095678,True,False,4.989999771118164,4.445000171661377,59.90999984741211,0.0,False,0.0003214463095836,M355-02,"38509,38758",38758,True
0,J032834-745053,SB38758_component_10a,52.142054,-74.848222,290.7531805246976,-38.32998579980193,A,248.61599731445312,270.81201171875,0.0014323603351907,0.0247885220461069,0.7865007469849215,10.237412031472228,1.069989490888311,114.0,0.2834887439033894,0.9971018465469242,1.2605828606470384,0.1156256928506296,True,False,5.03000020980835,4.159999847412109,37.619998931884766,0.0,False,0.0034614264426077,M355-07,"38509,38758",38758,True
0,J034610-725052,SB38758_component_20a,56.545588,-72.847877,287.7980842020585,-38.71906592084633,B,114.70500183105467,125.14299774169922,0.0007568918936601,0.0297185782833342,0.1840164277951482,1.002528612392081,1.0918920342293312,95.0,0.907875606434183,4.128918255184544,0.0966479070850154,0.0322098445999898,False,False,5.090000152587891,4.114999771118164,42.869998931884766,0.0,False,0.0007889215055158,M355-02,"38466,38758",38758,False
0,J040131-705457,SB38758_component_33a,60.380044,-70.915846,284.8920927508119,-38.86105222089119,A,62.10200119018555,66.2249984741211,0.0005660802566037,0.0416123049947391,0.6223914341272467,4.664087350291288,1.1098837986838672,91.0,0.4874923645566204,7.309989178382501,0.7184806511148507,0.0819116474647506,True,False,4.880000114440918,4.195000171661377,57.209999084472656,0.0,False,0.0021737466653835,M355-02,"38466,38758,38814",38758,True
0,J050036-720626,SB38758_component_61a,75.151693,-72.107408,283.74826041708934,-34.12957678151822,B,67.89099884033203,76.52899932861328,0.0003235018316999,0.0510316104958149,0.7336353586160139,2.9104426614467687,1.1876092867564478,105.0,0.4539739281404339,2.417382449200231,0.7897155095932321,0.1065296274228436,True,True,5.050000190734863,4.284999847412109,51.59999847412109,0.0,False,0.0017744256194615,M000-02,"33047,38758,38814,38845",38758,True
0,J050036-720607,SB38758_component_61b,75.151386,-72.102171,283.7422730752287,-34.13127152891596,B,21.7810001373291,24.2509994506836,0.0001159089711663,0.1472120553180677,1.16525745991637,0.8976966604842044,1.614037788114698,122.0,0.448780328198328,1.4366037775825826,0.801221757734461,0.2836943664011108,False,False,5.090000152587891,4.199999809265137,56.93000030517578,0.0,False,0.0038180325409156,M000-02,"33047,38758,38814,38845",38758,False
0,J034038-733129,SB38758_component_62a,55.160182,-73.524768,288.7947309231577,-38.604723430312525,B,64.28800201416016,70.05699920654297,0.0003685699506072,0.069692650489252,0.4214915116376375,1.2781892905445893,1.1850116289225827,89.0,0.7635201172849452,67.25520989269076,0.2698158059018167,0.0874281470116022,False,False,4.954999923706055,4.21999979019165,37.880001068115234,0.0,False,0.0013820422817528,M355-02,"38466,38758",38758,False
0,J035319-720824,SB38758_component_73a,58.332282,-72.140132,286.65924550911046,-38.712696837097695,B,53.47499847412109,63.5099983215332,0.0003795709642695,0.0533077824768558,0.4451901159282669,1.286088398662894,1.1947388019591252,94.0,0.7495486860308582,3.4547481307130803,0.2882840055360119,0.0880297751911387,False,False,5.304999828338623,4.295000076293945,50.2400016784668,0.0,False,0.0003794929336866,M355-02,"38466,38758",38758,False
0,J034834-714020,SB38758_component_77a,57.143146,-71.672257,286.4527715995975,-39.28674084392024,B,52.26499938964844,56.86600112915039,0.0002715553033872,0.1015223622424968,0.5540538741021109,0.8906519042830172,1.293049118585487,68.0,0.7389952444833762,-37.67782118221265,0.3024637931244968,0.1288723122465906,False,False,5.0,4.179999828338623,44.13999938964844,0.0,False,-0.0012049254058518,M355-02,"38466,38758",38758,False
0,J040729-752506,SB38758_component_92a,61.872115,-75.418465,289.34016778552984,-36.03340069303254,B,47.805999755859375,79.31500244140625,0.000240953979345,0.0457340911512776,0.3290928466686358,1.1292988845239256,1.154554557399402,115.0,0.8254617107307662,0.3368462586744135,0.191812399822135,0.069164961404104,False,False,8.104999542236328,3.930000066757202,31.71999931335449,0.0,False,0.0026032452344739,M355-02,"38509,38758",38758,False
0,J044346-761015,SB38758_component_99a,70.942991,-76.170937,288.8122681504682,-33.726771204522734,B,41.70100021362305,49.34600067138672,0.0002040745058787,0.1081098176473482,1.1240613567914852,1.8730031511569143,1.391249608041273,57.0,0.2671882512497879,5.08775257603894,1.319801808159898,0.4476778814260379,True,False,5.135000228881836,4.425000190734863,45.18000030517578,0.0,False,-2.783731840225078e-05,M355-02,"38509,38758,38845",38758,True
0,J033822-725504,SB38758_component_104a,54.594249,-72.91787,288.3335419781323,-39.12052603847735,B,40.05500030517578,42.59000015258789,0.0002219321343922,0.1415231548291517,0.8602041595217949,0.9631554294543426,1.4381742508084996,88.0,0.5779700912867047,308.3584728281534,0.548233156827299,0.2190250172151935,False,False,4.909999847412109,4.159999847412109,40.380001068115234,0.0,False,-0.0006247666977748,M355-02,"38466,38758",38758,False
0,J034220-731451,SB38758_component_107a,55.586908,-73.247629,288.42181817858625,-38.68757229407739,B,39.060001373291016,50.152000427246094,0.0001984169268281,0.1111354431743245,0.6330484428825335,1.2751623437722197,1.278243196409861,50.0,0.6451947535273276,292.76038825156246,0.438203064308894,0.1589488513582466,False,False,5.389999866485596,4.574999809265137,49.56999969482422,0.0,False,-0.0058949813045429,M355-02,"38466,38758",38758,False
0,J034853-724610,SB38758_component_116a,57.222217,-72.769507,287.56225615491377,-38.60848488265391,B,35.79800033569336,38.244998931884766,0.0002028912283826,0.1416609515454892,0.6932851629301302,1.1266915834775637,1.3259923386711632,68.0,0.632707175741033,0.0758095128981076,0.4577475614347329,0.237868914422134,False,False,4.934999942779541,4.159999847412109,44.790000915527344,0.0,False,0.0066002392424731,M355-02,"38466,38758",38758,False
0,J040203-750953,SB38758_component_121a,60.514745,-75.164729,289.3227033553933,-36.46111987282709,B,34.22100067138672,44.06700134277344,0.0002635591137244,0.0625387945725256,0.5583969163977531,1.7659594809155026,1.2018818136167817,77.0,0.6434848972190284,1.3128377509379352,0.4408567219664742,0.1265688082858763,True,False,5.925000190734863,4.170000076293945,64.68000030517578,0.0,False,-0.0003377426539304,M355-02,"38509,38758",38758,True
0,J034723-725646,SB38758_component_123a,56.846739,-72.946367,287.8280014344876,-38.58868911026502,B,31.36400032043457,35.56100082397461,0.0001606917520159,0.1197380229033828,0.8928386104700033,1.371121447545944,1.3765469758599125,110.0,0.4837083653899091,-118.98102819692544,0.7262731047195174,0.2211750276865034,False,False,5.204999923706055,4.184999942779541,40.90999984741211,0.0,False,0.0025364803256,M355-02,"38466,38758",38758,False
0,J034718-725709,SB38758_component_123b,56.826721,-72.952707,287.8390122590613,-38.5894477353208,C,21.61199951171875,28.28700065612793,8.847480726411427e-05,0.2051985508129164,1.5079563918260068,1.3002327948148182,1.6555668605478715,108.0,0.1476104687218647,2.1936395001512863,1.913178443031019,0.8713500534295011,False,False,5.84499979019165,4.300000190734863,36.27999877929688,0.0,False,0.0016038122606844,M355-02,"38466,38758",38758,False
0,J035050-714109,SB38758_component_139a,57.711908,-71.685864,286.33036569232627,-39.1345781363047,B,29.233999252319336,32.53799819946289,0.0001576774805848,0.1838085600135314,0.997362611598304,0.9788142615092316,1.504020327222435,44.0,0.506657715624131,-7.46562159712796,0.6799196204973001,0.3278473160701582,False,False,5.119999885559082,4.175000190734863,33.5,0.0,False,-0.0053076462849106,M355-02,"38466,38758",38758,False
0,J043550-755423,SB38758_component_140a,68.958296,-75.906412,288.77502655112653,-34.27290980376102,B,24.770000457763672,35.21900177001953,0.0001504890889652,0.1148820736582457,0.8818489597701837,2.0428695143077773,1.2898083390114727,55.0,0.407959379241289,3.8543849371051913,0.8965876702175843,0.3458887202247197,False,False,5.355000019073486,5.099999904632568,108.41000366210938,0.0,False,0.0019791938320066,M355-02,"38509,38758",38758,False
0,J035242-715146,SB38758_component_146a,58.178855,-71.863053,286.4054814163024,-38.91250150846412,B,27.972999572753903,30.25300025939941,0.000139906714952,0.1573133920360667,1.154694711926903,0.8494751101059296,1.624336443144005,66.0,0.4696417312171018,203.6342216075149,0.7557851489627565,0.2889048342931145,False,False,4.940000057220459,4.204999923706055,41.79999923706055,0.0,False,-0.0103090192595017,M355-02,"38466,38758",38758,False
0,J035036-720419,SB38758_component_147a,57.653505,-72.072184,286.74577474461154,-38.92142407316279,B,27.28400039672852,29.766000747680664,0.0001432278148137,0.2169390502912252,1.202427480042104,1.3841889567771497,1.504333969262024,88.0,0.30190648921992,3.5162439453778496,1.1976379478997532,0.5414888960564471,False,False,4.894999980926514,4.28000020980835,44.34000015258789,0.0,False,-0.0040732782156537,M355-02,"38466,38758",38758,False
0,J035143-715931,SB38758_component_189a,57.93036,-71.99215,286.59799226158697,-38.89960945955357,B,21.58699989318848,23.358999252319336,0.0001076562931946,0.221008876701971,1.3394801837783936,0.9050147865602052,1.703133746377386,83.0,0.3636535625989925,-51.29310838188093,1.0115536156497251,0.4749162595447531,False,False,4.980000019073486,4.170000076293945,44.150001525878906,0.0,False,0.0052179020338879,M355-02,"38466,38758",38758,False
0,J035402-713402,SB38758_component_217a,58.509057,-71.567424,286.0182403860239,-38.99880539567466,C,19.350000381469727,20.628999710083008,0.0001030761778266,0.2483013349782804,1.5845441737320674,1.0377268023950563,1.7776038337767666,80.0,0.1930596600446992,27.52173602606787,1.644756018442224,0.8268638628692913,False,False,4.965000152587891,4.125,43.18000030517578,0.0,False,0.0026414828697901,M355-02,"38466,38758",38758,False
0,J040355-751523,SB38758_component_228a,60.980379,-75.256584,289.33179549121616,-36.31108195177364,C,18.44799995422364,17.534000396728516,9.856110344715975e-05,0.2276010367250835,1.6937964888912889,0.8096793847967966,1.935964957727294,77.0,0.2421684688360049,0.3378512334613479,1.4181216428121075,0.6626085245421344,False,False,4.559999942779541,4.005000114440918,46.77999877929688,0.0,False,-0.0248251461429685,M355-02,"38509,38758",38758,False
0,J034042-740735,SB38758_component_239a,55.178451,-74.126465,289.37761283750166,-38.21299337926788,C,16.614999771118164,20.249000549316406,8.463735303105683e-05,0.2176912274995232,1.8267721550393607,0.8155999931241873,2.0061534269428747,109.0,0.1793812719035139,7.985310976712324,1.7182417277637667,0.871831617750799,False,False,5.335000038146973,4.385000228881836,46.61000061035156,0.0,False,0.0118391044897654,M355-02,"38466,38758",38758,False
0,J034038-740803,SB38758_component_239b,55.160947,-74.134252,289.3891109008352,-38.21160453003248,C,15.656999588012695,17.68600082397461,8.368463054799444e-05,0.2964593738254069,1.537019816707803,1.108381480096118,1.7290046090889266,55.0,0.1919847923811236,245.4418267075024,1.6503391164396586,0.9561003409716978,False,False,5.239999771118164,4.139999866485596,29.07999992370605,0.0,False,-0.0014279829838843,M355-02,"38466,38758",38758,False
0,J042116-753837,SB38758_component_261a,65.318028,-75.643875,289.012997176495,-35.184235827208674,B,16.395999908447266,24.525999069213867,0.0001048803844419,0.1360021712316029,1.0487421969342292,1.659325817167988,1.3943639362141311,63.0,0.3456217392799022,-118.73198384661788,1.0624103410215715,0.3318387755126672,True,False,6.675000190734863,4.300000190734863,31.11000061035156,0.0,False,-0.0046807424972643,M355-02,"38509,38758",38758,True
0,J040541-710449,SB38758_component_6a,61.422521,-71.080453,284.84018703073605,-38.4860048574138,A,309.2829895019531,279.7850036621094,0.002266238322879,0.0129775523449376,0.3587156606742236,7.567293641157541,1.041870359030411,72.0,0.6831546983561874,7.010924261551234,0.3810339467329092,0.0245773455728154,True,False,4.619999885559082,3.759999990463257,65.9800033569336,0.0,False,0.0026468126508054,M355-02,"38758,38814",38758,True
0,J040400-710909,SB38758_component_8a,61.002142,-71.152736,285.0103171548112,-38.56359126013426,A,219.5989990234375,209.0269927978516,0.0019732401067413,0.0131774746774578,0.2965374764946356,5.681067767030821,1.0443847431031854,96.0,0.7478472666085498,7.115954485866197,0.2905565108830801,0.0227642249188028,True,False,4.735000133514404,3.859999895095825,69.48999786376953,0.0,False,0.0007498609715426,M355-02,"38758,38814",38758,True
0,J040748-705711,SB38758_component_27a,61.952593,-70.953109,284.5870660122434,-38.40448031762018,B,102.52899932861328,100.46099853515624,0.000718425825542,0.0365597590942235,0.3134842520611348,1.7210151657284725,1.1152085648068075,67.0,0.8017243127456727,2.9479973104448,0.2209904799047665,0.0589073868535997,False,False,4.755000114440918,3.954999923706055,56.970001220703125,0.0,False,0.0006575123172979,M355-02,"38758,38814",38758,False
0,J043253-713324,SB38758_component_38b,68.223258,-71.556863,284.0785146689201,-36.34115724485751,A,55.93000030517578,68.35199737548828,0.0003959578266736,0.0436446711926782,0.7226873357758636,3.804129801072077,1.1504304350008592,97.0,0.4277430992249956,0.5563601030632271,0.8492324990693764,0.1457446020210332,True,False,5.025000095367432,4.670000076293945,61.4900016784668,0.0,False,0.0031797528645144,M355-02,"38758,38814",38758,True
0,J040626-711856,SB38758_component_76a,61.610365,-71.315737,285.05577747820035,-38.31143006251157,B,51.652000427246094,52.91400146484375,0.0002769553603884,0.1005593062292223,0.8581043678198517,2.2580952350101176,1.2633760850815603,61.0,0.4052717172617089,7.1269194491324015,0.903197530013932,0.2825662919234528,False,False,4.804999828338623,4.09499979019165,48.02999877929688,0.0,False,0.0021816601077377,M355-02,"38758,38814",38758,False
0,J040620-710901,SB38758_component_82a,61.58336,-71.150551,284.8818335607402,-38.40501235459756,B,48.45000076293945,53.54600143432617,0.0002943827633471,0.0853118846563502,0.669948010614491,1.6139682380823417,1.2562953906073389,82.0,0.5863473799928478,8.007412845371626,0.5338428664182131,0.166841069127649,False,False,5.085000038146973,4.175000190734863,54.040000915527344,0.0,False,0.0059888076199177,M355-02,"38758,38814",38758,False
0,J041714-712154,SB38758_component_89a,64.31196,-71.365189,284.5613188867607,-37.53856869771054,B,45.99800109863281,48.80400085449219,0.0002559026237044,0.0992481786811044,0.9617374585168644,2.561016637189895,1.270073845899187,59.0,0.3083363873823224,4.830794074812991,1.1765639251631277,0.3751682386736081,True,False,4.920000076293945,4.139999866485596,46.59000015258789,0.0,False,0.0027638285040853,M355-02,"38758,38814",38758,True
0,J045117-722103,SB38758_component_103a,72.822784,-72.351005,284.3094108703261,-34.721399111419544,B,34.0620002746582,36.40999984741211,0.0002419989305497,0.0891924895334731,0.9726945782223788,1.9325229833539008,1.3316920562068082,130.0,0.3589974779844294,2.5540080427666254,1.0244399156315445,0.3178291253606851,False,False,4.965000152587891,4.135000228881836,68.52999877929688,0.0,False,0.0039532111334304,M355-02,"38758,38814",38758,False
0,J045122-722110,SB38758_component_103b,72.845577,-72.352849,284.3085874465306,-34.71427925735604,B,31.209999084472656,38.35200119018555,0.0001545021189419,0.1289247002113438,0.9708492827231472,1.6198672279548332,1.3705719405792287,56.0,0.3997226578560816,1.5759270142815511,0.9169843277159444,0.3843524191379863,True,False,5.230000019073486,4.510000228881836,68.62000274658203,0.0,False,-0.0009008118596558,M355-02,"38758,38814",38758,True
0,J044008-715718,SB38758_component_94a,70.03595,-71.955047,284.24557436089856,-35.661253393149586,B,42.95500183105469,87.16000366210938,0.0001770393133572,0.0616634868920163,0.6237726409957717,2.1790925654127,1.1962109086668873,76.0,0.5724382676711156,4.524187302508261,0.5578503787631808,0.1507960602208408,True,False,6.974999904632568,5.585000038146973,101.70999908447266,0.0,False,0.0013293921068997,M355-02,"38758,38814",38758,True
0,J042313-713005,SB38758_component_106a,65.806112,-71.501526,284.4332117300469,-37.05429094202175,B,39.54800033569336,42.88600158691406,0.0002081914526126,0.1032196787038388,0.8982872373385764,1.652732855096682,1.3386271013354027,148.0,0.4403398639968263,3.746380949972474,0.8202084320566161,0.2899803156051526,False,False,4.974999904632568,4.184999942779541,47.5099983215332,0.0,False,0.0090301574248529,M355-02,"38758,38814",38758,False
0,J040512-710828,SB38758_component_145a,61.302256,-71.141333,284.9324950726028,-38.487248344108735,B,27.99799919128418,29.968000411987305,0.000155323010936,0.1540049887200194,0.93670224861055,1.0484464693325546,1.4572744578069232,80.0,0.5205722091963731,103.8049210261792,0.6528266701047707,0.2591585321829364,False,False,4.900000095367432,4.195000171661377,45.060001373291016,0.0,False,0.0133150308461583,M355-02,"38758,38814",38758,False
0,J044159-720237,SB38758_component_159a,70.495817,-72.04367,284.27834991074064,-35.49590848475852,B,25.725000381469727,29.46199989318848,0.0001183938536652,0.1678084957431705,1.3305653375036566,1.7543153822308792,1.4830838712544077,72.0,0.1525185337507509,2.5799398417504564,1.8804691575273724,1.0172454336995689,False,False,5.230000019073486,4.204999923706055,60.52000045776367,0.0,False,0.0057392307421181,M355-02,"38758,38814",38758,False
0,J042143-714016,SB38758_component_170a,65.429544,-71.671379,284.6907925989928,-37.0817890365718,B,24.25900077819824,25.70199966430664,0.0001271039544828,0.1949810859564683,1.3248714408802382,1.9660462323905248,1.4466792952894871,39.0,0.1218078544092488,4.879561658891122,2.1053104396668534,1.1650609133614611,False,False,4.914999961853027,4.139999866485596,50.52000045776367,0.0,False,-0.0042194226787713,M355-02,"38758,38814",38758,False
0,J045009-715837,SB38758_component_187a,72.539621,-71.977175,283.9194284070872,-34.93303252445714,B,21.843000411987305,23.565000534057617,0.000119511816888,0.2003316195828947,1.3960941920698,1.2621754521275297,1.617146734024013,63.0,0.221052541954213,3.303688628902077,1.5093548593224269,0.8645936734592654,False,False,4.960000038146973,4.179999828338623,54.810001373291016,0.0,False,0.0040699329789774,M355-02,"38758,38814",38758,False
0,J041402-711728,SB38758_component_179a,63.512118,-71.291373,284.63672218576306,-37.79828937937904,B,22.554000854492188,31.53899955749512,9.094841257125756e-05,0.1646856195630722,1.2063638257033564,0.9823607584148496,1.608549085015181,152.0,0.4021852593118243,323.4490926096492,0.910842452459862,0.3440786847090322,False,False,5.894999980926514,4.554999828338623,38.75,0.0,False,0.0053667852558769,M355-02,"38758,38814",38758,False
0,J041418-711148,SB38758_component_214a,63.575108,-71.196799,284.5198171493516,-37.82700492271982,B,19.56399917602539,24.56599998474121,9.899857652255112e-05,0.215966724552904,1.2680624521956805,1.3272063379868746,1.5448861287016795,69.0,0.276823676505999,116.22193045757322,1.2843745223865493,0.5767354622853647,False,False,5.005000114440918,4.820000171661377,62.91999816894531,0.0,False,-0.0129178378155109,M355-02,"38758,38814",38758,False
0,J044848-741731,SB38758_component_13a,72.201831,-74.292009,286.58073578965895,-34.18155612612472,B,215.89599609375,280.9859924316406,0.0009836658711897,0.0167172354857849,0.1700614276972345,2.6199064587294605,1.046979508900604,92.0,0.8769180812033694,5.893833775930587,0.1313416989506648,0.0248642031917939,True,False,5.824999809265137,4.289999961853027,49.02000045776367,0.0,False,0.0012379955106018,M355-02,"38758,38845",38758,True
0,J045845-725024,SB38758_component_32a,74.688694,-72.840078,284.6409381012849,-34.0316603355236,B,106.55999755859376,110.8040008544922,0.0006248792168462,0.0398674159737393,0.4713392511219572,1.8952946541301543,1.1627949163825482,125.0,0.691455665260591,4.679628649149701,0.3689562438002534,0.0781479331070929,False,False,4.885000228881836,4.085000038146973,61.970001220703125,0.0,False,0.0022182064129649,M000-02,"38758,38845",38758,False
0,J044953-732749,SB38758_component_42a,72.470811,-73.463728,285.6165181808759,-34.42066876281584,B,86.43299865722656,97.1060028076172,0.0004626732799806,0.0549741109676872,0.4262292888331894,2.302048910892773,1.129080246942178,71.0,0.7028509581089887,3.347922492114449,0.3526104180282426,0.1081773560760817,True,False,5.005000114440918,4.309999942779541,59.09000015258789,0.0,False,0.0013055442120733,M355-02,"38758,38845",38758,True
0,J045633-730709,SB38758_component_46a,74.139336,-73.119199,285.02290263508195,-34.09195216010278,B,79.99800109863281,83.6709976196289,0.0004863152262703,0.0562732346140944,0.5017218048545317,2.114323571642532,1.1611013734805715,98.0,0.6593795686260401,-2.896951853655366,0.4164559336197527,0.0995249783630289,True,False,4.894999980926514,4.099999904632568,61.459999084472656,0.0,False,0.0016135531954737,M000-02,"38758,38845",38758,True
0,J045047-743538,SB38758_component_52a,72.696332,-74.593941,286.85818013076096,-33.94507358608492,A,41.70899963378906,67.16200256347656,0.0003432454452594,0.0489226222200104,0.5342263597348825,3.0657548974622806,1.1313965974850897,80.0,0.597170237750207,4.1076533933995965,0.5155530508781168,0.1099740875370939,True,False,6.260000228881836,4.934999942779541,101.87999725341795,0.0,False,0.0029679720896278,M355-02,"38758,38845",38758,True
0,J045154-732442,SB38758_component_125a,72.97701,-73.411716,285.4946012618641,-34.304919297982565,B,31.780000686645508,34.54899978637695,0.0001668062969634,0.1390781662127314,1.0614495948599083,1.6357725612896603,1.4027090995820028,69.0,0.3412595047220943,4.243867939388816,1.075112080205368,0.4607330209291501,False,False,4.96999979019165,4.199999809265137,53.13999938964844,0.0,False,0.0034162692195965,M355-02,"38758,38845",38758,False
0,J045215-733646,SB38758_component_154a,73.064115,-73.612925,285.71130330504377,-34.209963591486904,B,26.21999931335449,38.63800048828125,0.0001200718181014,0.1600712060132853,1.125590547608157,1.6349187522392987,1.4271822600418202,81.0,0.3015917124336635,3.3973993457863108,1.198681121894106,0.5687140222041961,False,False,5.525000095367432,5.119999885559082,44.18000030517578,0.0,False,0.0067952282344164,M355-02,"38758,38845",38758,False
0,J045610-735703,SB38758_component_141a,74.041678,-73.950889,285.97747139261634,-33.835679480587345,B,18.91699981689453,28.66200065612793,0.0001379182404201,0.1048911337258492,0.8339223614084897,0.9432056100843668,1.4291477736997085,109.0,0.5952254122912187,279.1086400380091,0.5188151009929249,0.1674456673391581,False,False,6.34499979019165,4.585000038146973,59.619998931884766,0.0,False,0.0016143168454474,M000-02,"38758,38845",38758,False
0,J044732-752236,SB38758_component_151a,71.88706,-75.376817,287.82591040816567,-33.8377428011244,B,26.916000366210938,31.083999633789062,0.0001255920477244,0.1479287268601747,1.344619884372653,1.691321543713463,1.499613242985956,123.0,0.1549933586133032,4.710831383832323,1.8643730106369856,0.8762915370607138,False,False,4.929999828338623,4.5,56.68000030517578,0.0,False,0.0031037339366298,M355-02,"38758,38845",38758,False
0,J044633-754125,SB38758_component_198a,71.641427,-75.690308,288.2013523184363,-33.769085049869744,B,20.51499938964844,21.92799949645996,0.0001205518578563,0.2134824719094589,1.4709014789855248,1.0182232806938958,1.7288100841249867,85.0,0.2579086051394619,193.5384427597439,1.355150000465118,0.6161362313916107,False,False,4.929999828338623,4.159999847412109,53.59000015258789,0.0,False,0.0043047038154001,M355-02,"38758,38845",38758,False
0,J045803-723443,SB38758_component_177a,74.516065,-72.578812,284.3622132331159,-34.16440380857887,B,22.83099937438965,24.64999961853028,0.0001049443042342,0.2164010184154214,1.2131006165866995,0.8649292386884884,1.650480775045284,76.0,0.4373801584585845,2.555692120778709,0.8269525342316042,0.5137689986840304,False,False,4.925000190734863,4.210000038146973,58.59000015258789,0.0,False,-0.0002588517367619,M000-02,"38758,38845",38758,False
0,J045813-722846,SB38758_component_196a,74.555691,-72.479674,284.2441196882231,-34.18499881139672,B,20.558000564575195,22.927000045776367,9.62841366333855e-05,0.242379578274454,1.3704982533433452,0.8272135839612631,1.750048196539896,51.0,0.3795499431965508,-1.4251236318785667,0.9687690881793612,0.5904007953452786,False,False,4.985000133514404,4.295000076293945,58.45000076293945,0.0,False,0.0031135925511651,M000-02,"38758,38845",38758,False
0,J045227-733601,SB38758_component_229a,73.113168,-73.600488,285.69127987597665,-34.20147175455529,C,17.93199920654297,19.41699981689453,9.030123755576093e-05,0.2384981429319463,1.6266578989517326,0.8936376906803905,1.8590122107082,109.0,0.2323543117564672,5.33886345067952,1.459491866461863,0.8827084038910312,False,False,4.945000171661377,4.204999923706055,57.220001220703125,0.0,False,-0.0168002236988296,M355-02,"38758,38845",38758,False
0,J044158-755409,SB38758_component_252a,70.492297,-75.902529,288.5742135332467,-33.938351158028,C,16.518999099731445,21.92300033569336,6.285571092997466e-05,0.2627696395316327,2.2787906793283845,0.904809074453094,2.196335480490436,134.0,-0.0824551988379487,220.1613895497005,5.0,3.676288908570201,False,False,5.960000038146973,4.275000095367432,46.34999847412109,0.0,False,0.0018319276452125,M355-02,"38758,38845",38758,False
0,J045340-751015,SB38758_component_264a,73.419855,-75.170876,287.41856679988746,-33.556039007937,C,15.994999885559082,17.53700065612793,7.95290105410148e-05,0.286810567450626,1.7067295826590585,1.12612566147518,1.8027416316845872,85.0,0.096012049025529,-84.4738083128788,2.3432815847075137,1.3832899701521375,False,False,5.019999980926514,4.195000171661377,57.150001525878906,0.0,False,0.0043249486480996,M000-02,"38758,38845",38758,False
